Observation,C,Year
1,9,3
2,8,3
3,7,1
4,12,1
5,14,1
6,11,1
7,10,1
8,7,1
9,8,1
10,6,1
11,10,1
12,8,1
13,7,1
14,8,2
15,6,1
16,10,3
17,10,2
18,6,2
19,9,1
20,6,1
21,3,1
22,7,1
23,9,1
24,7,1
25,9,1
26,15,1
27,9,1
28,5,1
29,8,1
30,10,1
31,7,1
32,6,1
33,8,1
34,8,1
35,7,1
36,9,1
37,8,1
38,6,1
39,8,1
40,5,1
41,8,1
42,8,1
43,6,1
44,10,1
45,4,1
46,6,1
47,1,1
48,4,1
49,6,1
50,8,1
51,9,1
52,11,1
53,8,1
54,12,1
55,7,1
56,13,1
57,10,1
58,6,1
59,7,1
60,5,1
61,10,1
62,4,1
63,9,1
64,7,1
65,7,1
66,11,1
67,11,1
68,7,1
69,9,1
70,7,1
71,4,1
72,12,1
73,8,1
74,7,1
75,8,1
76,8,1
77,8,1
78,8,1
79,5,1
80,8,1
81,5,1
82,5,1
83,6,1
84,6,1
85,8,1
86,7,1
87,10,1
88,10,1
89,8,1
90,6,1
91,8,1
92,9,1
93,12,1
94,12,1
95,11,1
96,8,1
97,7,1
98,9,1
99,9,1
100,2,1
101,8,1
102,9,1
103,9,1
104,10,1
105,11,1
106,10,1
107,11,1
108,8,1
109,6,1
110,6,1
111,11,1
112,7,1
113,8,1
114,7,1
115,9,1
116,9,1
117,9,1
118,6,1
119,10,1
120,10,1
121,10,1
122,8,1
123,11,1
124,9,1
125,8,1
126,8,1
127,9,1
128,8,1
129,10,1
130,11,1
131,8,1
132,11,1
133,6,1
134,7,1
135,6,1
136,7,1
137,11,1
138,9,1
139,8,1
140,9,1
141,6,1
142,9,1
143,6,1
144,5,1
145,8,1
146,8,1
147,8,1
148,9,1
149,10,1
150,7,1
151,6,1
152,8,1
153,10,1
154,6,1
155,7,1
156,8,1
157,8,1
158,12,1
159,4,1
160,9,1
161,10,1
162,7,1
163,8,1
164,8,1
165,6,1
166,8,1
167,12,1
168,6,1
169,11,1
170,8,1
171,9,1
172,9,1
173,8,1
174,7,1
175,12,1
176,5,1
177,9,1
178,7,1
179,7,1
180,10,1
181,7,1
182,7,1
183,7,1
184,9,1
185,10,1
186,5,1
187,10,1
188,7,1
189,8,1
190,10,1
191,8,1
192,9,1
193,9,1
194,8,1
195,5,1
196,7,1
197,8,1
198,7,1
199,10,1
200,4,1
201,9,1
202,7,1
203,8,1
204,8,1
205,2,2
206,9,2
207,8,2
208,9,2
209,6,2
210,8,2
211,9,2
212,8,2
213,8,2
214,9,2
215,9,2
216,8,2
217,11,2
218,11,2
219,10,2
220,9,2
221,8,2
222,7,2
223,10,2
224,7,2
225,4,2
226,4,2
227,6,2
228,4,2
229,6,2
230,6,2
231,6,2
232,8,2
233,8,2
234,7,2
235,6,2
236,6,2
237,9,2
238,10,2
239,8,2
240,10,2
241,9,2
242,15,2
243,5,2
244,11,2
245,6,2
246,8,2
247,9,2
248,8,2
249,10,2
250,10,2
251,10,2
252,11,2
253,11,2
254,12,2
255,9,2
256,13,2
257,7,2
258,11,2
259,6,2
260,10,2
261,8,2
262,6,2
263,12,2
264,8,2
265,10,2
266,8,2
267,11,2
268,6,2
269,6,2
270,8,2
271,12,2
272,8,2
273,7,2
274,6,2
275,9,2
276,8,2
277,5,2
278,7,2
279,8,2
280,9,2
281,5,2
282,8,2
283,7,2
284,7,2
285,9,2
286,9,2
287,13,2
288,11,2
289,9,2
290,9,2
291,7,2
292,1,2
293,10,2
294,10,2
295,6,2
296,9,2
297,8,2
298,9,2
299,4,2
300,6,2
301,8,2
302,8,2
303,10,2
304,7,2
305,9,2
306,9,2
307,8,2
308,11,2
309,8,2
310,10,2
311,9,2
312,11,2
313,9,2
314,10,2
315,10,2
316,8,2
317,9,2
318,10,2
319,6,2
320,11,2
321,9,2
322,11,2
323,3,2
324,8,2
325,6,2
326,10,2
327,8,2
328,8,2
329,11,2
330,8,2
331,8,2
332,8,2
333,10,2
334,7,2
335,4,2
336,8,2
337,6,2
338,12,2
339,6,2
340,10,2
341,8,2
342,10,2
343,2,3
344,8,3
345,3,3
346,9,3
347,6,3
348,9,3
349,7,3
350,10,3
351,9,3
352,8,3
353,10,3
354,12,3
355,12,1
356,12,1
357,8,1
358,9,1
359,8,1
360,8,1
361,8,2
362,8,2
363,12,2
364,9,3
365,10,3
366,8,3
367,8,3
368,9,3
369,9,3
370,9,3
371,9,3
372,9,3
373,9,3
374,9,3
375,9,3
376,10,3
377,8,3
378,9,3
379,8,3
380,5,3
381,5,3
382,9,3
383,10,3
384,6,3
385,12,3
386,9,3
387,4,3
388,10,3
389,9,3
390,5,3
391,8,3
392,9,2
393,8,2
394,6,2
395,11,2
396,6,2
397,7,2
398,7,2
399,7,3
400,7,3
401,8,3
402,8,2
403,9,2
404,7,2
405,9,2
406,12,3
407,9,2
408,9,3
409,9,2
410,9,2
411,8,2
412,11,2
413,3,2
414,10,2
415,10,2
416,9,2
417,9,2
418,10,2
419,6,2
420,9,2
421,9,2
422,5,2
423,8,2
424,6,2
425,9,3
426,8,3
427,5,3
428,9,3
429,10,3
430,6,3
431,5,1
432,7,1
433,6,1
434,6,1
435,8,1
436,6,1
437,7,1
438,8,1
439,7,1
440,6,1
441,8,1
442,6,1
443,9,1
444,8,1
445,6,1
446,9,1
447,5,1
448,5,1
449,5,1
450,6,1
451,3,1
452,7,1
453,7,1
454,8,1
455,9,1
456,9,1
457,8,1
458,6,1
459,8,1
460,8,1
461,9,1
462,9,1
463,12,1
464,9,1
465,8,3
466,9,3
467,6,1
468,7,1
469,11,3
470,9,3
471,9,3
472,4,3
473,8,3
474,11,3
475,5,3
476,8,3
477,10,3
478,9,3
479,9,3
480,8,3
481,10,3
482,5,3
483,12,3
484,11,3
485,9,3
486,8,3
487,8,3
488,6,2
489,10,2
490,4,2
491,4,2
492,10,2
493,8,2
494,9,2
495,11,1
496,10,1
497,9,1
498,8,1
499,15,3
500,8,3
501,7,3
502,7,3
503,9,3
504,8,3
505,4,3
506,7,3
507,7,3
508,7,3
509,9,3
510,9,3
511,11,3
512,9,3
513,10,3
514,5,3
515,10,3
516,9,3
517,9,3
518,9,3
519,10,3
520,8,3
521,9,3
522,5,3
523,9,3
524,10,3
525,7,3
526,10,3
527,11,3
528,11,3
529,11,3
530,10,3
531,12,3
532,12,3
533,9,3
534,11,3
535,9,3
536,10,3
537,8,3
538,7,3
539,12,3
540,10,3
541,10,3
542,10,3
543,8,3
544,8,3
545,9,3
546,10,3
547,10,3
548,5,3
549,11,3
550,8,3
551,12,2
552,9,2
553,9,2
554,7,3
555,8,3
556,7,3
557,8,3
558,8,3
559,8,3
560,9,3
561,8,3
562,8,3
563,6,3
564,5,3
565,6,3
566,11,3
567,6,3
568,7,3
569,9,3
570,9,3
571,11,3
572,8,2
573,10,2
574,4,3
575,10,1
576,6,2
577,8,2
578,10,2
579,6,3
580,7,1
581,6,1
582,11,1
583,9,1
584,11,1
585,10,1
586,4,2
587,3,2
588,6,2
589,9,3
590,8,3
591,8,3
592,9,2
593,7,3
594,8,3
595,9,1
596,9,1
597,11,1
598,7,2
599,5,3
600,8,3
601,12,3
602,3,3
603,12,3
604,9,3
605,8,3
606,12,3
607,10,3
608,8,3
609,7,3
610,8,3
611,8,3
612,8,3
613,8,3
614,7,3
615,9,3
616,1,3
617,9,3
618,9,3
619,11,3
620,10,1
621,7,1
622,11,2
623,10,3
624,8,3
625,10,3
626,9,1
627,9,1
628,7,1
629,7,1
630,6,1
631,9,1
632,9,2
633,8,2
634,8,2
635,7,2
636,9,2
637,11,2
638,4,2
639,8,2
640,7,2
641,10,2
642,9,2
643,8,2
644,10,2
645,10,2
646,8,2
647,5,2
648,7,2
649,11,3
650,9,3
651,7,3
652,10,3
653,6,3
654,10,3
655,7,3
656,6,3
657,6,3
658,6,3
659,8,3
660,8,3
661,7,3
662,5,3
663,8,3
664,9,3
665,9,3
666,9,3
667,10,3
668,6,3
669,9,3
670,6,1
671,7,1
672,8,1
673,7,1
674,8,1
675,8,1
676,16,1
677,7,1
678,5,1
679,2,1
680,8,1
681,8,2
682,7,2
683,7,2
684,11,2
685,10,2
686,9,2
687,9,2
688,5,2
689,8,2
690,3,2
691,8,2
692,8,2
693,4,2
694,10,2
695,9,2
696,10,2
697,7,2
698,8,2
699,8,2
700,9,2
701,10,2
702,8,1
703,7,2
704,9,3
705,3,3
706,11,1
707,10,1
708,9,1
709,9,1
710,6,1
711,8,2
712,8,3
713,8,3
714,6,3
715,9,3
716,11,3
717,8,3
718,9,3
719,8,3
720,6,3
721,4,1
722,8,3
723,7,3
724,5,3
725,11,1
726,8,1
727,6,1
728,12,1
729,7,2
730,8,2
731,12,2
732,8,1
733,8,1
734,9,1
735,10,1
736,6,1
737,9,1
738,7,1
739,8,1
740,7,1
741,7,1
742,10,1
743,5,1
744,8,1
745,10,1
746,12,2
747,11,2
748,9,2
749,6,2
750,7,2
751,9,2
752,9,2
753,9,2
754,10,2
755,8,2
756,10,2
757,7,2
758,9,2
759,7,2
760,7,2
761,8,2
762,7,2
763,10,2
764,10,2
765,6,2
766,8,2
767,7,2
768,8,2
769,12,2
770,12,3
771,10,3
772,8,3
773,9,3
774,9,3
775,10,3
776,8,3
777,9,3
778,8,3
779,8,3
780,10,3
781,8,3
782,10,3
783,8,3
784,10,3
785,13,3
786,10,1
787,8,1
788,8,1
789,10,1
790,7,1
791,8,1
792,10,1
793,2,1
794,7,1
795,11,1
796,9,1
797,8,1
798,6,1
799,8,1
800,10,1
801,8,1
802,4,1
803,8,1
804,6,1
805,6,1
806,7,1
807,5,1
808,5,1
809,2,1
810,7,1
811,8,1
812,10,1
813,9,1
814,10,1
815,8,1
816,5,1
817,9,1
818,7,1
819,6,1
820,3,1
821,8,1
822,6,1
823,8,1
824,12,1
825,8,1
826,8,1
827,7,1
828,10,1
829,10,1
830,10,1
831,7,1
832,12,1
833,11,1
834,9,1
835,9,1
836,7,1
837,9,1
838,9,1
839,6,1
840,13,1
841,13,1
842,8,1
843,8,1
844,9,1
845,8,1
846,8,1
847,10,1
848,6,1
849,6,1
850,8,1
851,9,1
852,9,1
853,10,1
854,9,1
855,9,1
856,9,1
857,12,2
858,13,2
859,9,2
860,9,2
861,8,2
862,8,2
863,8,2
864,9,2
865,9,2
866,11,2
867,14,2
868,8,2
869,3,2
870,9,2
871,3,2
872,11,2
873,11,2
874,8,2
875,8,2
876,4,2
877,9,2
878,7,2
879,8,2
880,7,2
881,9,2
882,10,2
883,8,2
884,12,2
885,8,2
886,8,2
887,10,2
888,9,2
889,5,2
890,9,2
891,11,2
892,9,2
893,8,2
894,11,2
895,8,2
896,8,2
897,6,2
898,10,2
899,1,2
900,10,2
901,4,2
902,7,2
903,10,2
904,9,2
905,8,2
906,8,2
907,8,2
908,3,2
909,2,2
910,10,2
911,11,2
912,8,2
913,9,2
914,9,2
915,7,2
916,7,2
917,12,2
918,11,2
919,8,2
920,5,2
921,9,2
922,8,2
923,7,2
924,6,2
925,9,2
926,7,2
927,8,2
928,7,2
929,12,3
930,12,3
931,7,3
932,10,3
933,13,3
934,13,3
935,6,3
936,7,3
937,8,3
938,5,3
939,10,3
940,5,3
941,10,3
942,11,3
943,10,3
944,5,3
945,11,3
946,11,3
947,3,3
948,8,3
949,7,3
950,4,3
951,6,3
952,8,3
953,5,3
954,5,3
955,8,3
956,6,3
957,8,3
958,9,3
959,8,3
960,12,3
961,10,3
962,7,3
963,8,3
964,7,3
965,11,3
966,7,3
967,10,3
968,9,3
969,8,3
970,11,3
971,9,3
972,8,3
973,10,1
974,9,2
975,8,3
976,10,3
977,8,3
978,8,3
979,7,3
980,9,3
981,12,2
982,8,2
983,9,2
984,9,3
985,12,2
986,10,2
987,12,2
988,8,2
989,10,2
990,6,3
991,10,3
992,6,3
993,9,3
994,6,3
995,7,3
996,10,3
997,10,3
998,8,3
999,8,3
1000,8,1
1001,9,1
1002,7,1
1003,6,1
1004,10,1
1005,4,1
1006,6,1
1007,9,1
1008,6,1
1009,6,1
1010,7,1
1011,10,1
1012,9,3
1013,8,3
1014,8,3
1015,12,3
1016,11,3
1017,8,3
1018,6,3
1019,8,3
1020,9,3
1021,7,3
1022,9,3
1023,10,3
1024,6,3
1025,8,3
1026,8,2
1027,10,2
1028,8,2
1029,10,3
1030,10,3
1031,7,3
1032,9,1
1033,10,1
1034,12,1
1035,8,1
1036,8,1
1037,8,1
1038,8,1
1039,7,1
1040,7,1
1041,10,2
1042,10,2
1043,9,2
1044,9,2
1045,8,2
1046,6,2
1047,7,2
1048,9,2
1049,8,2
1050,10,2
1051,6,2
1052,9,2
1053,6,2
1054,6,2
1055,8,2
1056,9,2
1057,11,2
1058,7,1
1059,10,1
1060,8,1
1061,7,3
1062,7,3
1063,9,2
1064,10,2
1065,7,2
1066,11,2
1067,9,2
1068,8,2
1069,12,2
1070,8,2
1071,12,2
1072,10,2
1073,10,2
1074,9,2
1075,8,2
1076,6,2
1077,6,2
1078,7,2
1079,9,2
1080,11,2
1081,7,2
1082,8,4
1083,9,4
1084,8,4
1085,9,4
1086,10,4
1087,8,4
1088,7,4
1089,11,4
1090,9,4
1091,8,4
1092,6,4
1093,7,4
1094,6,4
1095,10,4
1096,8,4
1097,7,4
1098,5,4
1099,8,4
1100,15,4
1101,8,4
1102,8,4
1103,10,4
1104,8,4
1105,8,4
1106,8,4
1107,8,4
1108,6,4
1109,1,4
1110,6,4
1111,8,4
1112,6,4
1113,11,4
1114,8,4
1115,8,4
1116,10,4
1117,6,4
1118,8,4
1119,9,4
1120,10,4
1121,11,4
1122,10,4
1123,11,4
1124,8,4
1125,10,4
1126,12,4
1127,10,4
1128,10,4
1129,6,4
1130,8,4
1131,3,4
1132,3,4
1133,5,4
1134,7,4
1135,10,4
1136,10,4
1137,6,4
1138,8,4
1139,10,4
1140,8,4
1141,7,4
1142,11,4
1143,8,4
1144,8,4
1145,10,4
1146,10,4
1147,8,4
1148,7,4
1149,9,4
1150,9,4
1151,10,4
1152,10,4
1153,9,4
1154,11,4
1155,7,4
1156,8,4
1157,10,4
1158,12,4
1159,9,4
1160,9,4
1161,11,4
1162,9,4
1163,10,4
1164,8,4
1165,8,4
1166,8,4
1167,13,4
1168,7,4
1169,7,4
1170,8,4
1171,8,4
1172,10,4
1173,10,4
1174,12,4
1175,10,4
1176,6,4
1177,8,4
1178,11,4
1179,8,4
1180,8,4
1181,10,4
1182,9,4
1183,8,4
1184,8,4
1185,6,4
1186,6,4
1187,9,4
1188,9,4
1189,10,4
1190,11,4
1191,13,4
1192,7,4
1193,7,4
1194,8,4
1195,6,4
1196,7,4
1197,11,4
1198,6,4
1199,12,4
1200,6,4
1201,7,4
1202,8,4
1203,10,4
1204,8,4
1205,11,4
1206,8,4
1207,8,4
1208,11,4
1209,12,4
1210,6,4
1211,8,4
1212,6,4
1213,3,4
1214,8,4
1215,8,4
1216,8,4
1217,10,4
1218,10,4
1219,8,4
1220,6,4
1221,6,4
1222,8,4
1223,5,4
1224,6,4
1225,8,4
1226,5,4
1227,8,4
1228,10,4
1229,7,4
1230,4,4
1231,1,4
1232,6,4
1233,6,4
1234,8,4
1235,7,4
1236,10,4
1237,9,4
1238,11,4
1239,7,4
1240,8,4
1241,7,4
1242,9,4
1243,10,4
1244,6,4
1245,8,4
1246,9,4
1247,8,4
1248,12,4
1249,9,4
1250,6,4
1251,10,4
1252,8,4
1253,6,4
1254,6,4
1255,9,4
1256,9,4
1257,9,4
1258,11,4
1259,11,4
1260,11,4
1261,8,4
1262,6,4
1263,7,4
1264,6,4
1265,7,4
1266,7,4
1267,7,4
1268,8,4
1269,6,4
1270,9,4
1271,11,4
1272,6,4
1273,8,4
1274,8,4
1275,9,4
1276,5,4
1277,8,4
1278,11,4
1279,7,4
1280,9,4
1281,6,4
1282,10,4
1283,11,4
1284,10,4
1285,7,4
1286,6,4
1287,4,4
1288,8,4
1289,6,4
1290,8,4
1291,9,4
1292,7,4
1293,5,4
1294,10,4
1295,8,4
1296,10,4
1297,9,4
1298,7,4
1299,10,4
1300,2,4
1301,9,4
1302,5,4
1303,7,4
1304,5,4
1305,7,4
1306,7,4
1307,8,4
1308,10,4
1309,11,4
1310,12,4
1311,9,4
1312,9,4
1313,8,4
1314,3,4
1315,6,4
1316,4,4
1317,6,4
1318,9,4
1319,8,4
1320,10,4
1321,2,4
1322,8,4
1323,6,4
1324,8,4
1325,6,4
1326,4,4
1327,8,4
1328,8,4
1329,12,4
1330,6,4
1331,11,4
1332,10,4
1333,10,4
1334,10,4
1335,10,4
1336,10,4
1337,10,4
1338,10,4
1339,11,4
1340,9,4
1341,6,5
1342,7,5
1343,10,5
1344,3,5
1345,6,5
1346,10,5
1347,12,5
1348,8,5
1349,11,5
1350,11,5
1351,10,5
1352,5,5
1353,10,5
1354,6,5
1355,9,5
1356,7,5
1357,10,5
1358,9,5
1359,12,5
1360,5,5
1361,10,5
1362,10,5
1363,7,5
1364,10,5
1365,8,5
1366,7,5
1367,9,5
1368,8,5
1369,10,5
1370,5,5
1371,6,5
1372,9,5
1373,9,5
1374,9,5
1375,6,5
1376,6,5
1377,8,5
1378,8,5
1379,5,5
1380,7,5
1381,4,5
1382,6,5
1383,8,5
1384,8,5
1385,11,5
1386,4,5
1387,7,5
1388,9,5
1389,6,5
1390,8,5
1391,11,5
1392,5,5
1393,8,5
1394,8,5
1395,5,5
1396,11,5
1397,12,5
1398,12,5
1399,11,5
1400,5,5
1401,10,5
1402,9,5
1403,12,5
1404,8,5
1405,12,5
1406,14,5
1407,12,5
1408,7,5
1409,9,5
1410,8,5
1411,9,5
1412,10,5
1413,11,5
1414,10,5
1415,8,5
1416,9,2
1417,7,5
1418,8,5
1419,9,5
1420,8,5
1421,10,5
1422,8,5
1423,12,5
1424,7,5
1425,13,5
1426,7,5
1427,4,5
1428,5,5
1429,7,5
1430,6,5
1431,6,5
1432,5,5
1433,6,5
1434,11,5
1435,12,5
1436,8,5
1437,11,5
1438,8,5
1439,9,5
1440,12,5
1441,8,5
1442,11,5
1443,8,5
1444,10,5
1445,7,5
1446,8,5
1447,7,5
1448,3,5
1449,9,5
1450,5,5
1451,4,5
1452,10,5
1453,12,5
1454,5,5
1455,9,5
1456,10,5
1457,9,5
1458,5,5
1459,7,5
1460,6,5
1461,12,5
1462,3,5
1463,11,5
1464,7,5
1465,8,5
1466,6,5
1467,9,5
1468,10,5
1469,10,5
1470,9,5
1471,8,5
1472,9,5
1473,7,5
1474,10,5
1475,9,5
1476,7,5
1477,9,5
1478,8,5
1479,9,5
1480,8,5
1481,9,5
1482,10,5
1483,8,5
1484,11,5
1485,8,5
1486,9,5
1487,8,5
1488,10,5
1489,7,5
1490,3,5
1491,7,5
1492,8,5
1493,8,5
1494,10,5
1495,7,5
1496,6,5
1497,9,5
1498,6,5
1499,8,5
1500,4,5
1501,7,5
1502,8,5
1503,6,5
1504,9,5
1505,8,5
1506,13,5
1507,8,5
1508,9,5
1509,6,5
1510,10,5
1511,10,5
1512,6,5
1513,8,5
1514,6,5
1515,9,5
1516,11,5
1517,10,5
1518,3,5
1519,4,5
1520,11,5
1521,9,5
1522,6,5
1523,7,5
1524,11,5
1525,7,5
1526,12,5
1527,10,5
1528,8,5
1529,4,5
1530,7,5
1531,8,5
1532,9,5
1533,8,5
1534,12,5
1535,13,5
1536,12,5
1537,8,5
1538,7,5
1539,11,5
1540,10,5
1541,8,5
1542,7,5
1543,13,5
1544,9,5
1545,7,5
1546,12,5
1547,5,5
1548,8,5
1549,8,5
1550,8,5
1551,5,5
1552,8,5
1553,6,5
1554,7,5
1555,5,5
1556,6,5
1557,11,5
1558,10,5
1559,9,5
1560,9,5
1561,8,5
1562,9,5
1563,11,5
1564,8,5
1565,8,5
1566,5,5
1567,10,5
1568,7,5
1569,7,5
1570,8,5
1571,8,5
1572,9,5
1573,7,5
1574,10,5
1575,9,5
1576,12,5
1577,9,5
1578,9,5
1579,6,5
1580,8,5
1581,7,5
1582,8,5
1583,8,5
1584,9,5
1585,10,5
1586,8,5
1587,8,5
1588,6,5
1589,10,5
1590,8,5
1591,8,5
1592,12,5
1593,11,5
1594,12,5
1595,6,5
1596,4,5
1597,6,5
1598,9,5
1599,10,5
1600,8,5
1601,8,5
1602,6,5
1603,5,5
1604,8,5
1605,7,5
1606,8,5
1607,12,5
1608,7,5
1609,9,5
1610,9,5
1611,20,5
1612,9,5
1613,9,5
1614,10,5
1615,9,5
1616,8,5
1617,6,5
1618,8,5
1619,9,5
1620,10,5
1621,11,5
1622,8,5
1623,9,5
1624,3,5
1625,8,5
1626,10,5
1627,12,5
1628,10,5
1629,7,5
1630,7,5
1631,8,5
1632,8,5
1633,6,5
1634,10,5
1635,7,5
1636,8,5
1637,9,5
1638,10,5
1639,3,5
1640,11,5
1641,9,5
1642,5,5
1643,8,5
1644,12,5
1645,12,5
1646,6,4
1647,10,4
1648,3,5
1649,8,5
1650,8,5
1651,8,5
1652,10,5
1653,14,5
1654,6,6
1655,10,6
1656,7,6
1657,10,6
1658,10,1
1659,10,1
1660,10,1
1661,10,1
1662,10,1
1663,6,1
1664,12,1
1665,12,1
1666,10,2
1667,7,2
1668,10,2
1669,9,2
1670,10,2
1671,8,2
1672,9,2
1673,8,2
1674,8,2
1675,11,3
1676,10,3
1677,9,3
1678,10,3
1679,9,3
1680,13,3
1681,12,3
1682,11,3
1683,11,3
1684,8,4
1685,8,4
1686,8,4
1687,9,4
1688,8,4
1689,8,4
1690,9,4
1691,8,5
1692,8,5
1693,7,5
1694,7,5
1695,10,5
1696,7,6
1697,9,6
1698,10,6
1699,10,6
1700,10,6
1701,10,6
1702,7,6
1703,2,6
1704,10,6
1705,6,6
1706,6,6
1707,8,6
1708,11,6
1709,11,6
1710,7,6
1711,7,6
1712,9,6
1713,9,6
1714,8,6
1715,8,6
1716,12,6
1717,11,6
1718,11,6
1719,8,6
1720,8,6
1721,12,6
1722,9,6
1723,9,6
1724,8,6
1725,9,6
1726,7,6
1727,9,6
1728,8,6
1729,11,6
1730,8,6
1731,8,6
1732,14,6
1733,11,6
1734,10,6
1735,9,6
1736,7,6
1737,10,6
1738,13,6
1739,9,6
1740,7,6
1741,7,6
1742,10,6
1743,10,6
1744,9,6
1745,8,6
1746,10,6
1747,8,6
1748,7,6
1749,11,6
1750,6,6
1751,9,6
1752,8,6
1753,10,6
1754,12,6
1755,2,6
1756,8,6
1757,8,6
1758,12,6
1759,10,6
1760,6,6
1761,10,6
1762,7,6
1763,8,6
1764,6,6
1765,8,6
1766,3,6
1767,12,6
1768,6,6
1769,10,6
1770,9,6
1771,8,6
1772,3,6
1773,12,6
1774,11,6
1775,9,6
1776,10,6
1777,8,6
1778,6,6
1779,6,6
1780,11,6
1781,9,6
1782,9,6
1783,10,6
1784,7,6
1785,9,6
1786,8,6
1787,7,6
1788,11,6
1789,5,6
1790,7,6
1791,6,6
1792,8,6
1793,4,6
1794,3,6
1795,5,6
1796,10,6
1797,8,6
1798,6,6
1799,8,6
1800,7,6
1801,8,6
1802,10,6
1803,7,6
1804,10,6
1805,8,6
1806,9,6
1807,8,6
1808,10,6
1809,10,6
1810,10,6
1811,5,6
1812,12,6
1813,6,6
1814,8,6
1815,5,6
1816,7,6
1817,6,6
1818,7,6
1819,11,6
1820,7,6
1821,7,6
1822,9,6
1823,8,6
1824,8,6
1825,1,6
1826,9,6
1827,7,6
1828,7,6
1829,5,6
1830,10,6
1831,9,6
1832,11,6
1833,7,6
1834,8,6
1835,10,6
1836,10,6
1837,9,6
1838,12,6
1839,10,6
1840,8,6
1841,10,6
1842,7,6
1843,9,6
1844,6,6
1845,8,6
1846,6,6
1847,10,6
1848,8,6
1849,9,6
1850,10,6
1851,9,6
1852,9,6
1853,9,6
1854,8,6
1855,6,6
1856,6,6
1857,8,6
1858,12,6
1859,10,6
1860,8,6
1861,6,6
1862,10,6
1863,9,6
1864,3,6
1865,10,6
1866,8,6
1867,8,6
1868,10,6
1869,8,6
1870,5,6
1871,8,6
1872,8,6
1873,9,6
1874,8,6
1875,9,6
1876,12,6
1877,9,6
1878,7,6
1879,8,6
1880,4,6
1881,7,6
1882,8,6
1883,11,6
1884,10,6
1885,10,6
1886,9,6
1887,3,6
1888,9,6
1889,10,6
1890,12,6
1891,10,6
1892,7,6
1893,9,6
1894,8,6
1895,7,6
1896,9,6
1897,12,6
1898,9,6
1899,7,6
1900,5,6
1901,2,6
1902,8,6
1903,10,6
1904,7,6
1905,8,6
1906,12,6
1907,11,6
1908,13,6
1909,9,6
1910,13,6
1911,4,6
1912,10,6
1913,10,6
1914,10,6
1915,10,6
1916,9,6
1917,6,6
1918,6,6
1919,12,6
1920,7,6
1921,5,6
1922,7,6
1923,7,6
1924,8,6
1925,11,6
1926,11,6
1927,9,6
1928,5,6
1929,6,6
1930,8,6
1931,6,6
1932,10,6
1933,7,6
1934,8,6
1935,9,6
1936,7,6
1937,10,6
1938,7,6
1939,11,6
1940,8,6
1941,9,6
1942,10,6
1943,10,6
1944,10,6
1945,9,6
1946,12,6
1947,10,6
1948,9,6
1949,10,6
1950,11,6
1951,9,6
1952,7,6
1953,11,6
1954,10,6
1955,4,6
1956,9,6
1957,5,6
1958,8,6
1959,5,6
1960,7,6
1961,11,6
1962,5,6
1963,5,6
1964,4,6
1965,8,6
1966,10,6
1967,8,6
1968,5,6
1969,8,6
1970,11,6
1971,9,6
1972,8,6
1973,12,6
1974,4,6
1975,8,6
1976,3,6
1977,10,6
1978,8,6
1979,11,6
1980,9,6
1981,11,6
1982,7,6
1983,9,6
1984,8,6
1985,8,6
1986,6,6
1987,8,6
1988,9,6
1989,10,6
1990,6,6
1991,8,6
1992,8,6
1993,11,6
1994,11,6
1995,4,6
1996,8,3
1997,5,3
1998,9,3
1999,11,10
2000,10,10
2001,9,7
2002,12,7
2003,11,7
2004,7,7
2005,10,7
2006,11,7
2007,7,7
2008,10,7
2009,7,7
2010,3,7
2011,10,7
2012,10,7
2013,6,7
2014,10,7
2015,10,7
2016,9,7
2017,8,7
2018,3,7
2019,9,7
2020,8,7
2021,6,7
2022,9,7
2023,9,7
2024,11,7
2025,8,7
2026,8,7
2027,12,7
2028,9,7
2029,6,7
2030,11,7
2031,9,7
2032,12,7
2033,10,7
2034,8,7
2035,9,7
2036,8,7
2037,9,7
2038,8,7
2039,9,7
2040,9,7
2041,10,7
2042,10,7
2043,8,7
2044,7,7
2045,8,7
2046,8,7
2047,9,7
2048,9,7
2049,3,7
2050,13,7
2051,11,7
2052,7,7
2053,11,7
2054,7,7
2055,8,7
2056,8,7
2057,9,7
2058,8,7
2059,9,7
2060,7,7
2061,9,7
2062,7,7
2063,10,7
2064,8,7
2065,9,7
2066,10,7
2067,8,7
2068,9,7
2069,10,7
2070,6,7
2071,10,7
2072,11,7
2073,10,7
2074,10,7
2075,10,7
2076,11,7
2077,10,7
2078,10,7
2079,10,7
2080,8,7
2081,9,7
2082,8,7
2083,6,7
2084,7,7
2085,5,7
2086,8,7
2087,8,7
2088,8,7
2089,6,7
2090,6,7
2091,9,7
2092,9,7
2093,11,7
2094,10,7
2095,3,7
2096,9,7
2097,6,7
2098,6,7
2099,6,7
2100,9,7
2101,12,7
2102,9,7
2103,8,7
2104,8,7
2105,8,7
2106,8,7
2107,8,7
2108,7,7
2109,6,7
2110,7,7
2111,6,7
2112,8,7
2113,7,7
2114,13,7
2115,8,7
2116,10,7
2117,9,7
2118,8,7
2119,9,7
2120,13,7
2121,8,7
2122,9,7
2123,9,7
2124,11,7
2125,9,7
2126,7,7
2127,6,7
2128,8,7
2129,6,7
2130,10,7
2131,8,7
2132,9,7
2133,9,7
2134,6,7
2135,10,7
2136,11,7
2137,6,7
2138,7,7
2139,11,7
2140,8,7
2141,10,7
2142,9,7
2143,8,7
2144,4,7
2145,8,7
2146,6,7
2147,8,7
2148,8,7
2149,9,7
2150,11,7
2151,7,7
2152,6,7
2153,9,7
2154,8,7
2155,13,7
2156,8,7
2157,10,7
2158,8,7
2159,8,7
2160,9,7
2161,8,7
2162,10,7
2163,11,7
2164,9,7
2165,5,7
2166,4,7
2167,10,7
2168,10,7
2169,9,7
2170,8,7
2171,9,7
2172,9,7
2173,7,7
2174,6,7
2175,9,7
2176,8,7
2177,9,7
2178,10,7
2179,11,7
2180,7,7
2181,10,7
2182,10,7
2183,10,7
2184,12,7
2185,10,7
2186,6,7
2187,7,7
2188,8,7
2189,7,7
2190,11,7
2191,10,7
2192,10,7
2193,9,7
2194,10,7
2195,9,7
2196,7,7
2197,8,7
2198,9,7
2199,5,7
2200,12,7
2201,8,7
2202,10,7
2203,9,7
2204,4,7
2205,4,7
2206,4,7
2207,10,7
2208,7,7
2209,10,7
2210,12,7
2211,11,7
2212,12,7
2213,7,7
2214,7,7
2215,8,7
2216,10,7
2217,6,7
2218,10,7
2219,4,7
2220,9,7
2221,7,7
2222,9,7
2223,8,7
2224,8,7
2225,10,7
2226,7,7
2227,13,7
2228,6,7
2229,9,7
2230,6,7
2231,9,7
2232,10,7
2233,10,7
2234,4,7
2235,10,7
2236,8,7
2237,7,7
2238,10,7
2239,8,7
2240,5,7
2241,6,7
2242,6,7
2243,7,7
2244,9,7
2245,7,7
2246,8,7
2247,6,7
2248,8,7
2249,9,7
2250,13,7
2251,10,7
2252,10,7
2253,10,7
2254,11,7
2255,9,7
2256,10,7
2257,8,7
2258,8,7
2259,12,7
2260,8,7
2261,7,7
2262,8,7
2263,8,7
2264,7,7
2265,10,7
2266,8,7
2267,8,7
2268,5,7
2269,9,7
2270,11,7
2271,6,7
2272,8,7
2273,11,7
2274,10,7
2275,10,7
2276,10,7
2277,11,7
2278,10,7
2279,10,7
2280,8,7
2281,9,7
2282,9,7
2283,4,7
2284,6,7
2285,5,7
2286,7,7
2287,7,7
2288,6,7
2289,3,7
2290,3,7
2291,7,7
2292,10,7
2293,10,7
2294,8,7
2295,8,7
2296,9,7
2297,11,7
2298,10,7
2299,6,7
2300,10,7
2301,7,7
2302,6,7
2303,9,7
2304,10,7
2305,8,7
2306,10,7
2307,6,7
2308,10,7
2309,10,8
2310,7,8
2311,6,8
2312,7,8
2313,9,8
2314,9,8
2315,10,8
2316,8,8
2317,5,8
2318,16,8
2319,8,8
2320,5,8
2321,8,8
2322,9,8
2323,9,8
2324,5,8
2325,9,8
2326,8,8
2327,8,8
2328,8,8
2329,7,8
2330,7,8
2331,7,8
2332,11,8
2333,9,8
2334,8,8
2335,7,8
2336,8,8
2337,10,8
2338,9,8
2339,9,8
2340,3,8
2341,5,8
2342,7,8
2343,3,8
2344,12,8
2345,10,8
2346,7,8
2347,10,8
2348,8,8
2349,7,8
2350,7,8
2351,8,8
2352,8,8
2353,7,8
2354,8,8
2355,8,8
2356,10,8
2357,9,8
2358,9,8
2359,8,8
2360,7,8
2361,11,8
2362,6,8
2363,7,8
2364,9,8
2365,13,8
2366,11,8
2367,10,8
2368,9,8
2369,10,8
2370,9,8
2371,12,8
2372,10,8
2373,10,8
2374,6,8
2375,10,8
2376,9,8
2377,10,8
2378,9,8
2379,6,8
2380,8,8
2381,8,8
2382,5,8
2383,5,8
2384,8,8
2385,13,8
2386,8,8
2387,9,8
2388,6,8
2389,9,8
2390,8,8
2391,8,8
2392,7,8
2393,10,8
2394,11,8
2395,7,8
2396,8,8
2397,9,8
2398,9,8
2399,8,8
2400,8,8
2401,10,8
2402,8,8
2403,8,8
2404,8,8
2405,8,8
2406,8,8
2407,7,8
2408,6,8
2409,11,8
2410,10,8
2411,11,8
2412,9,8
2413,8,8
2414,7,8
2415,11,8
2416,8,8
2417,3,8
2418,10,8
2419,8,8
2420,10,8
2421,6,8
2422,7,8
2423,10,8
2424,8,8
2425,4,8
2426,12,8
2427,10,8
2428,7,8
2429,5,8
2430,2,8
2431,8,8
2432,8,8
2433,6,8
2434,7,8
2435,9,8
2436,6,8
2437,13,8
2438,9,8
2439,11,8
2440,12,8
2441,11,8
2442,9,8
2443,7,8
2444,10,8
2445,11,8
2446,9,8
2447,23,8
2448,7,8
2449,8,8
2450,15,8
2451,10,8
2452,11,8
2453,7,8
2454,7,8
2455,11,8
2456,6,8
2457,5,8
2458,9,8
2459,3,8
2460,4,8
2461,6,8
2462,10,8
2463,10,8
2464,9,8
2465,11,8
2466,11,8
2467,8,8
2468,10,8
2469,9,8
2470,9,8
2471,9,8
2472,6,8
2473,12,8
2474,9,8
2475,10,8
2476,8,8
2477,10,8
2478,6,8
2479,10,8
2480,4,8
2481,8,8
2482,8,8
2483,10,8
2484,10,8
2485,9,8
2486,8,8
2487,11,8
2488,10,8
2489,9,8
2490,4,8
2491,8,8
2492,6,8
2493,9,8
2494,5,8
2495,11,8
2496,10,8
2497,8,8
2498,9,8
2499,7,8
2500,5,8
2501,9,8
2502,8,8
2503,12,8
2504,9,8
2505,8,8
2506,10,8
2507,9,8
2508,8,8
2509,9,8
2510,6,8
2511,6,8
2512,12,8
2513,10,8
2514,10,8
2515,1,8
2516,12,8
2517,10,8
2518,7,8
2519,7,8
2520,6,8
2521,6,8
2522,8,8
2523,11,8
2524,8,8
2525,12,8
2526,12,8
2527,12,8
2528,7,8
2529,9,8
2530,12,8
2531,9,8
2532,9,8
2533,11,8
2534,6,8
2535,12,8
2536,9,8
2537,8,8
2538,10,8
2539,7,8
2540,10,8
2541,5,8
2542,5,8
2543,5,8
2544,7,8
2545,11,8
2546,9,8
2547,11,8
2548,12,8
2549,12,8
2550,9,8
2551,4,8
2552,10,8
2553,8,8
2554,10,8
2555,8,8
2556,11,8
2557,6,8
2558,8,8
2559,8,8
2560,9,8
2561,10,8
2562,10,8
2563,11,8
2564,8,8
2565,6,8
2566,9,8
2567,7,8
2568,13,8
2569,6,8
2570,10,8
2571,8,8
2572,10,8
2573,10,8
2574,7,8
2575,10,8
2576,5,8
2577,10,8
2578,10,9
2579,10,9
2580,7,9
2581,9,9
2582,6,9
2583,8,9
2584,7,9
2585,11,9
2586,9,9
2587,8,9
2588,9,9
2589,6,9
2590,8,9
2591,7,9
2592,7,9
2593,8,9
2594,9,9
2595,8,9
2596,10,9
2597,14,9
2598,8,9
2599,8,9
2600,7,9
2601,8,9
2602,7,9
2603,4,9
2604,9,9
2605,5,9
2606,8,9
2607,8,9
2608,10,9
2609,8,9
2610,12,9
2611,9,9
2612,11,9
2613,10,9
2614,6,9
2615,10,9
2616,10,9
2617,7,9
2618,9,9
2619,8,9
2620,8,9
2621,7,9
2622,8,9
2623,11,9
2624,8,9
2625,8,9
2626,10,9
2627,5,9
2628,7,9
2629,9,9
2630,8,9
2631,11,9
2632,10,9
2633,8,9
2634,9,9
2635,3,9
2636,10,9
2637,8,9
2638,8,9
2639,7,9
2640,5,9
2641,7,9
2642,9,9
2643,9,9
2644,9,9
2645,6,9
2646,8,9
2647,8,9
2648,8,9
2649,9,9
2650,11,9
2651,10,9
2652,11,9
2653,8,9
2654,6,9
2655,9,9
2656,7,9
2657,7,9
2658,8,9
2659,4,9
2660,10,9
2661,9,9
2662,10,9
2663,10,9
2664,5,9
2665,8,9
2666,9,9
2667,8,9
2668,8,9
2669,8,9
2670,8,9
2671,11,9
2672,7,9
2673,8,9
2674,9,9
2675,4,9
2676,6,9
2677,3,9
2678,6,9
2679,8,9
2680,12,9
2681,8,9
2682,8,9
2683,9,9
2684,9,9
2685,8,9
2686,10,9
2687,9,9
2688,8,9
2689,7,9
2690,12,9
2691,6,9
2692,9,9
2693,8,9
2694,9,9
2695,10,9
2696,9,9
2697,9,9
2698,3,9
2699,8,9
2700,5,9
2701,4,9
2702,8,9
2703,11,9
2704,8,9
2705,8,9
2706,7,9
2707,8,9
2708,12,9
2709,8,9
2710,10,9
2711,5,9
2712,9,9
2713,7,9
2714,10,9
2715,5,9
2716,8,9
2717,11,9
2718,8,9
2719,15,9
2720,10,9
2721,10,9
2722,8,9
2723,8,9
2724,7,9
2725,7,9
2726,8,9
2727,7,9
2728,4,9
2729,10,9
2730,8,9
2731,9,9
2732,12,9
2733,7,9
2734,8,9
2735,7,9
2736,6,9
2737,10,9
2738,7,9
2739,8,9
2740,9,9
2741,10,9
2742,2,9
2743,9,9
2744,6,9
2745,3,9
2746,11,9
2747,10,9
2748,8,9
2749,10,9
2750,8,9
2751,8,9
2752,17,9
2753,5,9
2754,7,9
2755,8,9
2756,10,9
2757,7,9
2758,8,9
2759,8,9
2760,6,9
2761,10,9
2762,8,9
2763,8,9
2764,9,9
2765,6,9
2766,5,9
2767,11,9
2768,10,9
2769,7,9
2770,8,9
2771,8,9
2772,12,9
2773,8,9
2774,10,9
2775,9,9
2776,8,9
2777,10,9
2778,8,9
2779,9,9
2780,9,9
2781,10,9
2782,8,9
2783,6,9
2784,10,9
2785,8,9
2786,9,9
2787,11,9
2788,9,9
2789,7,9
2790,8,9
2791,8,9
2792,8,9
2793,10,9
2794,9,9
2795,8,9
2796,6,9
2797,12,9
2798,8,9
2799,9,9
2800,13,9
2801,11,9
2802,9,9
2803,9,9
2804,8,9
2805,9,9
2806,9,9
2807,9,9
2808,8,9
2809,6,9
2810,5,9
2811,8,9
2812,9,9
2813,9,9
2814,10,9
2815,5,9
2816,8,9
2817,8,9
2818,8,9
2819,10,9
2820,6,9
2821,10,10
2822,8,10
2823,10,10
2824,8,10
2825,8,10
2826,8,10
2827,9,10
2828,9,10
2829,9,10
2830,12,10
2831,7,10
2832,8,10
2833,15,10
2834,8,10
2835,7,10
2836,12,10
2837,8,10
2838,10,10
2839,8,10
2840,10,10
2841,9,10
2842,10,10
2843,9,10
2844,9,10
2845,7,10
2846,8,10
2847,9,10
2848,11,10
2849,9,10
2850,9,10
2851,10,10
2852,7,10
2853,11,10
2854,10,10
2855,0,10
2856,10,10
2857,8,10
2858,10,10
2859,9,10
2860,9,10
2861,7,10
2862,11,10
2863,6,10
2864,4,10
2865,10,10
2866,9,10
2867,8,10
2868,8,10
2869,9,10
2870,10,10
2871,7,10
2872,8,10
2873,9,10
2874,10,10
2875,9,10
2876,10,10
2877,6,10
2878,8,10
2879,5,10
2880,9,10
2881,7,10
2882,9,10
2883,6,10
2884,8,10
2885,11,10
2886,8,10
2887,6,10
2888,6,10
2889,5,10
2890,5,10
2891,9,10
2892,0,10
2893,5,10
2894,10,10
2895,0,10
2896,8,10
2897,8,10
2898,6,10
2899,7,10
2900,9,10
2901,6,10
2902,0,10
2903,10,10
2904,7,10
2905,8,10
2906,7,10
2907,12,10
2908,11,10
2909,10,10
2910,7,10
2911,5,10
2912,12,10
2913,10,10
2914,0,10
2915,8,10
2916,8,10
2917,8,10
2918,11,10
2919,8,10
2920,6,10
2921,9,10
2922,8,10
2923,7,10
2924,9,10
2925,6,10
2926,9,10
2927,8,10
2928,12,10
2929,0,10
2930,9,10
2931,8,10
2932,7,10
2933,7,10
2934,6,10
2935,7,10
2936,10,10
2937,8,10
2938,8,10
2939,9,10
2940,11,10
2941,8,10
2942,3,10
2943,8,10
2944,8,10
2945,8,10
2946,8,10
2947,12,10
2948,10,10
2949,12,10
2950,9,10
2951,9,10
2952,10,10
2953,0,10
2954,8,10
2955,12,10
2956,7,10
2957,7,10
2958,8,10
2959,6,10
2960,7,10
2961,9,10
2962,7,10
2963,8,10
2964,6,10
2965,9,10
2966,10,10
2967,6,10
2968,6,10
2969,2,10
2970,8,10
2971,6,10
2972,9,10
2973,8,10
2974,9,10
2975,9,10
2976,14,10
2977,8,10
2978,12,10
2979,9,10
2980,7,10
2981,5,10
2982,9,10
2983,8,10
2984,11,10
2985,10,10
2986,8,10
2987,9,10
2988,6,10
2989,0,10
2990,10,10
2991,7,10
2992,9,10
2993,9,10
2994,8,10
2995,10,10
2996,0,10
2997,2,10
2998,0,10
2999,0,10
3000,0,10
3001,8,10
3002,10,10
3003,11,10
3004,8,10
3005,0,10
3006,0,10
3007,8,10
3008,8,10
3009,10,10
3010,8,10
3011,9,10
3012,9,10
3013,8,10
3014,6,10
3015,8,10
3016,9,10
3017,9,10
3018,0,10
3019,8,10
3020,8,10
3021,8,10
3022,7,10
3023,11,10
3024,0,10
3025,10,10
3026,7,10
3027,8,10
3028,7,10
3029,10,10
3030,7,10
3031,7,10
3032,6,10
3033,10,10
3034,8,10
3035,8,10
3036,6,10
3037,9,10
3038,10,10
3039,6,10
3040,7,10
3041,0,10
3042,4,10
3043,8,9
3044,3,11
3045,6,11
3046,8,11
3047,12,11
3048,9,11
3049,10,11
3050,11,11
3051,6,11
3052,11,11
3053,8,11
3054,10,11
3055,10,11
3056,9,11
3057,8,11
3058,11,11
3059,11,11
3060,7,11
3061,9,11
3062,8,11
3063,8,11
3064,6,11
3065,6,11
3066,4,11
3067,5,11
3068,6,11
3069,6,11
3070,9,11
3071,8,11
3072,4,11
3073,6,11
3074,8,11
3075,10,11
3076,9,11
3077,9,11
3078,8,11
3079,8,11
3080,8,11
3081,5,11
3082,9,11
3083,8,11
3084,9,11
3085,8,11
3086,8,11
3087,10,11
3088,4,11
3089,8,11
3090,9,11
3091,9,11
3092,10,11
3093,8,11
3094,8,11
3095,10,11
3096,8,11
3097,8,11
3098,8,11
3099,8,11
3100,9,11
3101,8,11
3102,9,11
3103,5,11
3104,9,11
3105,9,11
3106,11,11
3107,7,11
3108,8,11
3109,8,11
3110,9,11
3111,7,11
3112,11,11
3113,9,11
3114,8,11
3115,9,11
3116,8,11
3117,4,11
3118,10,11
3119,6,11
3120,8,11
3121,9,11
3122,8,11
3123,7,11
3124,4,11
3125,2,11
3126,0,11
3127,11,11
3128,9,11
3129,4,11
3130,10,11
3131,8,11
3132,7,11
3133,6,11
3134,9,11
3135,12,11
3136,15,11
3137,11,11
3138,6,11
3139,10,11
3140,7,11
3141,7,11
3142,12,11
3143,7,11
3144,4,11
3145,12,11
3146,13,11
3147,8,11
3148,3,11
3149,8,11
3150,8,11
3151,4,11
3152,0,11
3153,0,11
3154,0,11
3155,12,11
3156,10,11
3157,8,11
3158,2,11
3159,11,11
3160,10,11
3161,10,11
3162,9,11
3163,10,11
3164,7,11
3165,9,11
3166,12,11
3167,12,11
3168,8,11
3169,8,11
3170,5,11
3171,9,11
3172,6,11
3173,10,11
3174,10,11
3175,6,11
3176,10,11
3177,8,11
3178,9,11
3179,10,11
3180,10,11
3181,12,11
3182,10,11
3183,10,11
3184,9,11
3185,9,11
3186,9,11
3187,9,11
3188,8,11
3189,9,11
3190,10,11
3191,8,11
3192,8,11
3193,6,11
3194,7,11
3195,4,11
3196,8,11
3197,7,11
3198,5,11
3199,11,11
3200,9,11
3201,6,11
3202,8,11
3203,8,11
3204,0,11
3205,8,11
3206,8,11
3207,8,11
3208,10,11
3209,7,11
3210,5,11
3211,5,11
3212,6,11
3213,5,11
3214,9,11
3215,7,11
3216,5,11
3217,7,11
3218,7,11
3219,8,11
3220,6,11
3221,7,11
3222,10,11
3223,7,11
3224,0,11
3225,8,11
3226,9,11
3227,10,11
3228,6,11
3229,6,11
3230,6,11
3231,5,11
3232,6,11
3233,8,11
3234,10,11
3235,7,11
3236,9,11
3237,11,11
3238,7,11
3239,8,11
3240,5,11
3241,9,11
3242,7,11
3243,6,11
3244,6,11
3245,10,11
3246,10,11
3247,10,11
3248,9,11
3249,8,11
3250,6,11
3251,8,11
3252,5,11
3253,4,11
3254,10,11
3255,9,11
3256,8,11
3257,7,11
3258,10,11
3259,9,11
3260,8,11
3261,5,11
3262,6,11
3263,11,11
3264,10,11
3265,10,11
3266,10,11
3267,10,11
3268,10,11
3269,10,11
3270,10,11
3271,10,11
3272,10,11
3273,9,11
3274,8,11
3275,10,11
3276,8,11
3277,0,11
3278,15,11
3279,0,11
3280,0,11
3281,0,11
3282,0,11
3283,8,11
3284,0,11
3285,0,11
3286,0,11
3287,10,11
3288,10,11
3289,8,11
3290,8,11
3291,10,11
3292,8,11
3293,8,11
3294,0,11
3295,0,11
3296,0,11
3297,0,11
3298,0,11
3299,5,11
3300,4,11
3301,4,11
3302,8,11
3303,0,11
3304,0,11
3305,0,11
3306,0,11
3307,4,11
3308,12,11
3309,8,11
3310,4,11
3311,12,11
3312,8,11
3313,9,13
3314,11,13
3315,10,13
3316,8,13
3317,9,13
3318,12,13
3319,10,13
3320,9,13
3321,11,13
3322,10,13
3323,9,13
3324,12,13
3325,10,13
3326,9,13
3327,10,13
3328,9,13
3329,10,13
3330,12,13
3331,10,13
3332,9,13
3333,10,13
3334,7,13
3335,9,13
3336,7,13
3337,6,13
3338,9,13
3339,8,13
3340,10,13
3341,8,13
3342,9,13
3343,6,13
3344,12,13
3345,10,13
3346,6,13
3347,7,13
3348,10,13
3349,9,13
3350,10,13
3351,9,13
3352,12,13
3353,4,13
3354,10,13
3355,11,13
3356,9,13
3357,10,13
3358,8,13
3359,1,13
3360,10,13
3361,12,13
3362,5,13
3363,4,13
3364,8,13
3365,11,13
3366,9,13
3367,8,13
3368,11,13
3369,7,13
3370,10,13
3371,6,13
3372,9,13
3373,10,13
3374,8,13
3375,8,13
3376,8,13
3377,7,13
3378,3,13
3379,9,13
3380,7,13
3381,8,13
3382,7,13
3383,6,13
3384,8,13
3385,9,13
3386,9,13
3387,8,13
3388,9,13
3389,11,13
3390,9,13
3391,7,13
3392,6,13
3393,7,13
3394,9,13
3395,5,13
3396,12,13
3397,2,13
3398,9,13
3399,9,13
3400,7,13
3401,6,13
3402,7,13
3403,9,13
3404,8,13
3405,11,13
3406,7,13
3407,8,13
3408,8,13
3409,4,13
3410,5,13
3411,9,13
3412,6,13
3413,3,13
3414,6,13
3415,8,13
3416,10,13
3417,10,13
3418,7,13
3419,5,13
3420,6,13
3421,7,13
3422,11,13
3423,7,13
3424,1,13
3425,5,13
3426,7,13
3427,10,13
3428,8,13
3429,8,13
3430,8,13
3431,5,13
3432,9,13
3433,13,13
3434,9,13
3435,6,13
3436,9,13
3437,6,13
3438,7,13
3439,10,13
3440,9,13
3441,12,13
3442,12,13
3443,11,13
3444,10,13
3445,10,13
3446,8,13
3447,10,13
3448,9,13
3449,10,13
3450,8,13
3451,8,13
3452,7,13
3453,8,13
3454,8,13
3455,8,13
3456,6,13
3457,8,13
3458,8,13
3459,11,13
3460,8,13
3461,6,13
3462,9,13
3463,7,13
3464,8,13
3465,11,13
3466,8,13
3467,7,13
3468,7,13
3469,10,13
3470,8,13
3471,8,13
3472,5,13
3473,11,13
3474,10,13
3475,10,13
3476,7,13
3477,9,13
3478,12,13
3479,8,13
3480,8,13
3481,12,13
3482,5,13
3483,8,13
3484,10,13
3485,9,13
3486,5,13
3487,4,13
3488,9,13
3489,4,13
3490,6,13
3491,7,13
3492,5,13
3493,4,13
3494,5,13
3495,11,13
3496,6,13
3497,7,13
3498,3,13
3499,10,13
3500,9,13
3501,7,13
3502,6,13
3503,9,13
3504,5,13
3505,10,13
3506,8,13
3507,9,13
3508,7,13
3509,8,13
3510,8,13
3511,8,13
3512,10,13
3513,10,13
3514,8,13
3515,6,13
3516,7,13
3517,6,13
3518,7,13
3519,10,13
3520,6,13
3521,9,13
3522,8,13
3523,10,13
3524,8,13
3525,8,13
3526,6,13
3527,9,14
3528,13,14
3529,11,14
3530,14,14
3531,10,14
3532,11,14
3533,9,14
3534,9,14
3535,11,14
3536,10,14
3537,4,14
3538,6,14
3539,6,14
3540,10,14
3541,10,14
3542,8,14
3543,9,14
3544,9,14
3545,17,14
3546,18,14
3547,22,14
3548,20,14
3549,18,14
3550,3,14
3551,9,14
3552,8,14
3553,9,14
3554,7,14
3555,5,14
3556,8,14
3557,8,14
3558,10,14
3559,8,14
3560,9,14
3561,7,14
3562,11,14
3563,10,14
3564,10,14
3565,10,14
3566,9,14
3567,11,14
3568,9,14
3569,7,14
3570,11,14
3571,12,14
3572,8,14
3573,4,14
3574,8,14
3575,12,14
3576,9,14
3577,9,14
3578,7,14
3579,5,14
3580,7,14
3581,4,14
3582,9,14
3583,9,14
3584,7,14
3585,12,14
3586,9,14
3587,7,14
3588,10,14
3589,8,14
3590,5,14
3591,9,14
3592,4,14
3593,7,14
3594,7,14
3595,12,14
3596,5,14
3597,10,14
3598,12,14
3599,10,14
3600,6,14
3601,8,14
3602,12,14
3603,10,14
3604,12,14
3605,6,14
3606,11,14
3607,12,14
3608,8,14
3609,10,14
3610,8,14
3611,7,14
3612,8,14
3613,11,14
3614,9,14
3615,8,14
3616,10,14
3617,8,14
3618,10,14
3619,8,14
3620,10,14
3621,6,14
3622,4,14
3623,8,14
3624,7,14
3625,9,14
3626,8,14
3627,9,14
3628,8,14
3629,8,14
3630,8,14
3631,6,14
3632,7,14
3633,8,14
3634,9,14
3635,8,14
3636,10,14
3637,12,14
3638,8,14
3639,9,14
3640,11,14
3641,10,14
3642,8,14
3643,8,14
3644,8,14
3645,10,14
3646,7,14
3647,4,14
3648,9,14
3649,9,14
3650,5,14
3651,5,14
3652,5,14
3653,5,14
3654,8,14
3655,11,14
3656,9,14
3657,10,14
3658,12,14
3659,8,14
3660,6,14
3661,10,14
3662,8,14
3663,8,14
3664,10,14
3665,6,14
3666,8,14
3667,8,14
3668,6,14
3669,10,14
3670,4,14
3671,6,14
3672,10,14
3673,9,14
3674,10,14
3675,10,14
3676,10,14
3677,9,14
3678,11,14
3679,5,14
3680,8,14
3681,7,14
3682,8,14
3683,12,14
3684,12,14
3685,8,14
3686,8,14
3687,9,14
3688,8,14
3689,6,14
3690,12,14
3691,10,14
3692,4,14
3693,10,14
3694,9,14
3695,6,14
3696,9,14
3697,6,14
3698,6,14
3699,6,14
3700,4,14
3701,10,14
3702,9,14
3703,8,14
3704,7,14
3705,9,14
3706,6,14
3707,6,14
3708,5,14
3709,8,14
3710,8,14
3711,9,14
3712,8,14
3713,8,14
3714,11,14
3715,7,14
3716,6,14
3717,5,15
3718,10,15
3719,6,15
3720,10,15
3721,6,15
3722,10,15
3723,9,15
3724,11,15
3725,12,15
3726,8,15
3727,8,15
3728,6,15
3729,9,15
3730,10,15
3731,10,15
3732,8,15
3733,10,15
3734,11,15
3735,8,15
3736,11,15
3737,8,15
3738,6,15
3739,9,15
3740,9,15
3741,2,15
3742,10,15
3743,8,15
3744,9,15
3745,4,15
3746,8,15
3747,7,15
3748,11,15
3749,10,15
3750,4,15
3751,11,15
3752,9,15
3753,1,15
3754,8,15
3755,8,15
3756,3,15
3757,6,15
3758,10,15
3759,9,15
3760,6,15
3761,4,15
3762,8,15
3763,7,15
3764,7,15
3765,8,15
3766,5,15
3767,8,15
3768,11,15
3769,10,15
3770,8,15
3771,7,15
3772,7,15
3773,10,15
3774,12,15
3775,6,15
3776,3,15
3777,9,15
3778,9,15
3779,9,15
3780,7,15
3781,6,15
3782,8,15
3783,8,15
3784,9,15
3785,8,15
3786,8,15
3787,7,15
3788,9,15
3789,7,15
3790,8,15
3791,7,15
3792,8,15
3793,8,15
3794,9,15
3795,8,15
3796,6,15
3797,5,15
3798,11,15
3799,10,15
3800,7,15
3801,5,15
3802,5,15
3803,8,15
3804,10,15
3805,11,15
3806,9,15
3807,9,15
3808,10,15
3809,9,15
3810,7,15
3811,6,15
3812,5,15
3813,6,15
3814,3,15
3815,10,15
3816,10,15
3817,11,15
3818,11,15
3819,8,15
3820,9,15
3821,7,15
3822,10,15
3823,9,15
3824,9,15
3825,7,15
3826,8,15
3827,8,15
3828,10,15
3829,8,15
3830,7,15
3831,4,15
3832,8,15
3833,8,15
3834,8,15
3835,8,15
3836,9,15
3837,5,15
3838,4,15
3839,9,15
3840,5,15
3841,8,15
3842,9,15
3843,8,15
3844,12,15
3845,12,15
3846,12,15
3847,12,15
3848,6,15
3849,10,15
3850,6,15
3851,3,15
3852,12,15
3853,8,15
3854,8,15
3855,3,15
3856,5,15
3857,12,15
3858,10,15
3859,12,15
3860,12,15
3861,8,15
3862,8,15
3863,8,15
3864,8,15
3865,8,15
3866,10,16
3867,7,16
3868,9,16
3869,9,16
3870,9,16
3871,7,16
3872,3,16
3873,8,16
3874,6,16
3875,6,16
3876,7,16
3877,6,16
3878,6,16
3879,8,16
3880,9,16
3881,9,16
3882,8,16
3883,8,16
3884,6,16
3885,10,16
3886,9,16
3887,9,16
3888,10,16
3889,8,16
3890,8,16
3891,8,16
3892,8,16
3893,13,16
3894,8,16
3895,9,16
3896,7,16
3897,5,16
3898,6,16
3899,8,16
3900,10,16
3901,4,16
3902,9,16
3903,8,16
3904,9,16
3905,7,16
3906,12,16
3907,3,16
3908,10,16
3909,10,16
3910,8,16
3911,9,16
3912,8,16
3913,8,16
3914,9,16
3915,11,16
3916,10,16
3917,10,16
3918,8,16
3919,8,16
3920,7,16
3921,9,16
3922,8,16
3923,8,16
3924,4,16
3925,9,16
3926,7,16
3927,12,16
3928,8,16
3929,7,16
3930,8,16
3931,4,16
3932,6,16
3933,7,16
3934,9,16
3935,6,16
3936,6,16
3937,8,16
3938,5,16
3939,5,16
3940,7,16
3941,9,16
3942,10,16
3943,11,16
3944,6,16
3945,10,16
3946,8,16
3947,10,16
3948,10,16
3949,8,16
3950,9,16
3951,8,16
3952,6,16
3953,8,16
3954,11,16
3955,8,16
3956,8,16
3957,7,16
3958,5,16
3959,6,16
3960,8,16
3961,8,16
3962,6,16
3963,11,16
3964,5,16
3965,8,16
3966,9,16
3967,10,16
3968,5,16
3969,7,16
3970,9,16
3971,6,16
3972,10,16
3973,6,16
3974,10,16
3975,7,16
3976,5,16
3977,6,16
3978,4,16
3979,10,16
3980,7,16
3981,10,16
3982,8,16
3983,6,16
3984,8,16
3985,9,16
3986,8,16
3987,9,16
3988,7,16
3989,8,16
3990,7,16
3991,8,16
3992,7,16
3993,9,16
3994,9,16
3995,10,16
3996,10,16
3997,8,16
3998,10,16
3999,9,16
4000,10,16
4001,8,16
4002,9,16
4003,10,16
4004,8,16
4005,8,16
4006,8,16
4007,5,16
4008,6,16
4009,8,16
4010,5,16
4011,3,16
4012,9,16
4013,8,16
4014,8,16
4015,4,16
4016,10,16
4017,1,16
4018,8,16
4019,10,16
4020,8,16
4021,6,16
4022,11,16
4023,5,16
4024,6,16
4025,8,16
4026,8,16
4027,6,16
4028,8,16
4029,10,16
4030,8,16
4031,5,16
4032,8,16
4033,8,16
4034,9,16
4035,8,16
4036,8,16
4037,6,16
4038,12,17
4039,11,18
4040,9,18
4041,10,18
4042,3,18
4043,8,17
4044,10,16
4045,9,17
4046,7,17
4047,11,17
4048,7,17
4049,9,17
4050,2,17
4051,1,17
4052,8,17
4053,8,17
4054,9,17
4055,8,17
4056,8,17
4057,4,17
4058,10,17
4059,12,17
4060,9,17
4061,9,17
4062,9,17
4063,18,17
4064,6,17
4065,8,17
4066,7,17
4067,8,17
4068,6,17
4069,11,17
4070,9,17
4071,9,17
4072,8,17
4073,8,17
4074,11,17
4075,8,17
4076,9,17
4077,11,17
4078,9,17
4079,8,17
4080,7,17
4081,7,17
4082,11,17
4083,9,17
4084,11,17
4085,8,17
4086,4,17
4087,10,17
4088,7,17
4089,10,17
4090,6,17
4091,10,17
4092,9,17
4093,7,17
4094,11,17
4095,11,17
4096,8,17
4097,10,17
4098,11,17
4099,9,17
4100,6,17
4101,13,17
4102,12,17
4103,12,17
4104,6,17
4105,11,17
4106,10,17
4107,8,17
4108,10,17
4109,9,17
4110,5,17
4111,7,17
4112,10,17
4113,7,17
4114,8,17
4115,10,17
4116,7,17
4117,7,17
4118,7,17
4119,11,17
4120,7,17
4121,12,17
4122,10,17
4123,12,17
4124,8,17
4125,9,17
4126,9,17
4127,5,17
4128,7,17
4129,10,17
4130,2,17
4131,3,17
4132,6,17
4133,11,17
4134,7,17
4135,12,17
4136,9,17
4137,7,17
4138,8,17
4139,6,17
4140,3,17
4141,5,17
4142,10,17
4143,10,17
4144,9,17
4145,9,17
4146,7,17
4147,7,17
4148,12,17
4149,12,17
4150,3,17
4151,6,17
4152,7,17
4153,4,17
4154,8,17
4155,8,17
4156,9,17
4157,9,17
4158,6,17
4159,10,17
4160,6,17
4161,8,17
4162,8,17
4163,8,17
4164,10,17
4165,8,17
4166,7,17
4167,9,17
4168,4,17
4169,8,17
4170,7,17
4171,7,17
4172,10,17
4173,5,17
4174,6,17
4175,4,17
4176,8,17
4177,5,17
4178,9,17
4179,10,17
4180,5,17
4181,7,17
4182,8,17
4183,10,17
4184,7,17
4185,9,17
4186,10,17
4187,8,17
4188,10,17
4189,9,17
4190,8,17
4191,4,17
4192,10,17
4193,9,17
4194,11,17
4195,10,17
4196,10,17
4197,7,17
4198,10,17
4199,8,17
4200,6,17
4201,7,17
4202,2,17
4203,9,17
4204,10,17
4205,7,17
4206,9,17
4207,4,17
4208,8,17
4209,7,17
4210,8,17
4211,12,17
4212,6,17
4213,8,17
4214,10,17
4215,5,17
4216,9,17
4217,10,17
4218,8,17
4219,10,17
4220,10,17
4221,10,17
4222,15,18
4223,9,18
4224,12,18
4225,3,18
4226,8,18
4227,9,18
4228,7,18
4229,7,18
4230,11,18
4231,4,18
4232,11,18
4233,10,18
4234,8,18
4235,10,18
4236,9,18
4237,9,18
4238,8,18
4239,11,18
4240,9,18
4241,12,18
4242,13,18
4243,12,18
4244,8,18
4245,11,18
4246,6,18
4247,8,18
4248,8,18
4249,10,18
4250,8,18
4251,4,18
4252,7,18
4253,6,18
4254,8,18
4255,10,18
4256,1,18
4257,8,18
4258,9,18
4259,8,18
4260,10,18
4261,6,18
4262,9,18
4263,8,18
4264,8,18
4265,4,18
4266,7,18
4267,8,18
4268,7,18
4269,5,18
4270,6,18
4271,13,18
4272,1,18
4273,11,18
4274,10,18
4275,7,18
4276,8,18
4277,5,18
4278,9,18
4279,6,18
4280,8,18
4281,6,18
4282,8,18
4283,6,18
4284,5,18
4285,6,18
4286,10,18
4287,7,18
4288,8,18
4289,12,18
4290,5,18
4291,5,18
4292,2,18
4293,6,18
4294,7,18
4295,8,18
4296,11,18
4297,7,18
4298,8,18
4299,8,18
4300,7,18
4301,9,18
4302,9,18
4303,9,18
4304,6,18
4305,6,18
4306,11,18
4307,8,18
4308,10,18
4309,8,18
4310,5,18
4311,4,18
4312,9,18
4313,8,18
4314,10,18
4315,10,18
4316,3,18
4317,6,18
4318,12,18
4319,10,18
4320,8,18
4321,8,18
4322,7,18
4323,9,18
4324,6,18
4325,8,18
4326,6,18
4327,6,18
4328,8,18
4329,9,18
4330,6,18
4331,5,18
4332,9,18
4333,10,18
4334,10,18
4335,8,18
4336,10,18
4337,8,18
4338,6,18
4339,13,18
4340,8,18
4341,8,18
4342,8,18
4343,9,18
4344,7,18
4345,6,18
4346,5,18
4347,5,18
4348,6,18
4349,6,18
4350,9,18
4351,6,18
4352,7,18
4353,9,18
4354,8,18
4355,7,18
4356,8,18
4357,7,18
4358,10,18
4359,4,18
4360,9,18
4361,9,18
4362,2,18
4363,4,18
4364,10,18
4365,3,18
4366,6,18
4367,8,18
4368,8,18
4369,8,18
4370,5,18
4371,5,18
4372,9,18
4373,7,18
4374,7,18
4375,9,18
4376,8,18
4377,6,18
4378,7,18
4379,7,18
4380,8,18
4381,2,18
4382,8,18
4383,5,18
4384,8,18
4385,8,18
4386,9,18
4387,7,18
4388,8,18
4389,8,18
4390,10,18
4391,8,18
4392,8,18
4393,10,18
4394,9,18
4395,10,18
4396,9,18
4397,9,18
4398,9,18
4399,9,18
4400,8,18
4401,10,18
4402,8,18
4403,8,18
4404,6,18
4405,8,18
4406,9,18
4407,10,18
4408,6,18
4409,7,18
4410,11,18
4411,10,18
4412,1,18
4413,8,18
4414,8,18
4415,10,18
