Observation,Count1,Count2,Interval,Mean_age,Year,Age
1,2,2,6,6,1,-0.948254038
2,12,10,3,11.5,1,-0.502210198
3,6,6,2,4,1,-1.110451799
4,8,8,1,3.5,1,-1.151001239
5,12,10,3,32.5,1,1.200866285
6,7,7,10,22,1,0.349328043
7,9,9,3,25.5,1,0.633174124
8,5,3,3,4.5,1,-1.069902359
9,3,3,2,7,1,-0.867155158
10,3,3,1,8.5,1,-0.745506838
11,3,3,4,11,1,-0.542759638
12,3,3,1,13.5,1,-0.340012438
13,3,3,2,15,1,-0.218364117
14,3,3,4,18,1,0.024932523
15,3,3,1,20.5,1,0.227679723
16,3,3,1,21.5,1,0.308778603
17,3,3,2,23,1,0.430426924
18,3,3,2,25,1,0.592624684
19,3,3,1,26.5,1,0.714273004
20,3,3,1,27.5,1,0.795371884
21,3,3,1,28.5,1,0.876470764
22,3,3,1,29.5,1,0.957569644
23,3,3,1,30.5,1,1.038668524
24,3,2,3,32.5,1,1.200866285
25,2,1,3,35.5,1,1.444162925
26,6,4,3,18.5,1,0.065481963
27,5,5,21,20.5,1,0.227679723
28,5,5,6,34,1,1.322514605
29,11,8,6,6,1,-0.948254038
30,10,10,1,5.5,1,-0.988803478
31,10,10,2,7,1,-0.867155158
32,10,9,6,11,1,-0.542759638
33,9,9,2,15,1,-0.218364117
34,9,9,1,16.5,1,-0.096715797
35,9,9,6,20,1,0.187130283
36,9,9,1,23.5,1,0.470976364
37,9,9,2,25,1,0.592624684
38,9,9,9,30.5,1,1.038668524
39,9,9,4,37,1,1.565811245
40,9,9,4,41,1,1.890206765
41,9,9,5,45.5,1,2.255151726
42,9,9,3,49.5,1,2.579547246
43,5,2,10,22,1,0.349328043
44,11,11,1,3.5,1,-1.151001239
45,11,11,1,4.5,1,-1.069902359
46,11,7,21,15.5,1,-0.177814677
47,7,7,1,26.5,1,0.714273004
48,7,7,4,29,1,0.917020204
49,7,7,11,36.5,1,1.525261805
50,7,7,6,45,1,2.214602286
51,7,7,1,48.5,1,2.498448366
52,7,7,2,50,1,2.620096686
53,6,6,7,13.5,1,-0.340012438
54,6,4,4,19,1,0.106031403
55,8,5,4,5,1,-1.029352918
56,7,7,2,11,1,-0.542759638
57,7,5,6,15,1,-0.218364117
58,5,5,5,20.5,1,0.227679723
59,5,5,5,25.5,1,0.633174124
60,5,5,13,34.5,1,1.363064045
61,6,6,6,6,1,-0.948254038
62,6,6,9,13.5,1,-0.340012438
63,6,4,7,6.5,1,-0.907704598
64,10,10,2,4,1,-1.110451799
65,10,10,4,7,1,-0.867155158
66,10,9,4,11,1,-0.542759638
67,9,6,4,15,1,-0.218364117
68,8,8,3,20.5,1,0.227679723
69,8,8,6,25,1,0.592624684
70,8,8,9,32.5,1,1.200866285
71,8,8,5,39.5,1,1.768558445
72,8,8,6,45,1,2.214602286
73,8,8,6,51,1,2.701195567
74,4,4,2,4,1,-1.110451799
75,4,3,3,6.5,1,-0.907704598
76,3,2,1,8.5,1,-0.745506838
77,2,2,13,15.5,1,-0.177814677
78,2,2,15,29.5,1,0.957569644
79,7,4,7,6.5,1,-0.907704598
80,4,2,7,13.5,1,-0.340012438
81,1,1,15,17.5,1,-0.015616917
82,1,1,22,36,1,1.484712365
83,9,9,3,25.5,1,0.633174124
84,4,2,2,18,1,0.024932523
85,4,4,1,24.5,1,0.552075244
86,11,11,14,10,1,-0.623858518
87,4,4,27,16.5,1,-0.096715797
88,4,4,4,32,1,1.160316845
89,4,4,16,42,1,1.971305646
90,4,3,9,28.5,1,0.876470764
91,1,1,7,34.5,1,1.363064045
92,1,1,4,40,1,1.809107885
93,1,1,2,43,1,2.052404526
94,5,5,6,20,1,0.187130283
95,8,3,16,11,1,-0.542759638
96,5,5,6,13,1,-0.380561878
97,11,2,24,15,1,-0.218364117
98,9,8,2,4,1,-1.110451799
99,2,2,4,19,1,0.106031403
100,3,3,8,7,1,-0.867155158
101,7,7,3,4.5,1,-1.069902359
102,6,1,3,4.5,1,-1.069902359
103,16,0,7,6.5,1,-0.907704598
104,9,9,5,19.5,1,0.146580843
105,9,9,6,25,1,0.592624684
106,9,7,10,38,1,1.646910125
107,7,3,1,3.5,1,-1.151001239
108,3,0,1,4.5,1,-1.069902359
109,5,5,2,5,1,-1.029352918
110,5,2,2,7,1,-0.867155158
111,2,0,1,8.5,1,-0.745506838
112,5,5,4,19,1,0.106031403
113,5,5,12,27,1,0.754822444
114,5,5,14,40,1,1.809107885
115,5,4,1,3.5,1,-1.151001239
116,4,3,2,5,1,-1.029352918
117,5,4,12,16,1,-0.137265237
118,10,9,5,5.5,1,-0.988803478
119,9,7,5,10.5,1,-0.583309078
120,11,7,16,11,1,-0.542759638
121,7,6,9,23.5,1,0.470976364
122,7,7,16,11,1,-0.542759638
123,7,7,9,28.5,1,0.876470764
124,7,7,7,36.5,1,1.525261805
125,8,7,8,7,1,-0.867155158
126,8,8,14,10,1,-0.623858518
127,5,5,3,4.5,1,-1.069902359
128,4,2,11,10.5,1,-0.583309078
129,2,1,20,26,1,0.673723564
130,1,1,1,36.5,1,1.525261805
131,7,7,15,38.5,1,1.687459565
132,10,0,3,5.5,1,-0.988803478
133,12,5,3,6.5,1,-0.907704598
134,5,3,5,10.5,1,-0.583309078
135,3,1,2,14,1,-0.299462997
136,1,1,11,20.5,1,0.227679723
137,4,0,1,3.5,1,-1.151001239
138,12,3,3,4.5,1,-1.069902359
139,3,2,14,13,1,-0.380561878
140,3,3,5,5.5,1,-0.988803478
141,8,7,1,3.5,1,-1.151001239
142,7,2,1,4.5,1,-1.069902359
143,2,1,1,5.5,1,-0.988803478
144,4,4,14,23,1,0.430426924
145,6,2,2,4,1,-1.110451799
146,4,0,10,8,1,-0.786056278
147,10,4,1,3.5,1,-1.151001239
148,11,11,3,4.5,1,-1.069902359
149,11,10,8,10,1,-0.623858518
150,6,5,23,21.5,1,0.308778603
151,5,4,5,35.5,1,1.444162925
152,7,6,1,3.5,1,-1.151001239
153,3,3,2,32,1,1.160316845
154,3,3,2,18,1,0.024932523
155,7,7,3,4.5,1,-1.069902359
156,6,4,3,11.5,1,-0.502210198
157,10,10,1,3.5,1,-1.151001239
158,5,5,4,5,1,-1.029352918
159,5,5,3,8.5,1,-0.745506838
160,5,4,13,16.5,1,-0.096715797
161,6,1,9,7.5,1,-0.826605718
162,1,0,2,13,1,-0.380561878
163,7,5,5,5.5,1,-0.988803478
164,5,2,9,12.5,1,-0.421111318
165,2,1,6,20,1,0.187130283
166,9,8,2,4,1,-1.110451799
167,8,7,5,7.5,1,-0.826605718
168,7,7,9,14.5,1,-0.258913557
169,7,7,18,28,1,0.835921324
170,7,6,1,37.5,1,1.606360685
171,6,5,12,44,1,2.133503406
172,6,4,7,6.5,1,-0.907704598
173,6,6,6,13,1,-0.380561878
174,6,6,13,22.5,1,0.389877483
175,2,2,6,6,1,-0.948254038
176,2,1,15,16.5,1,-0.096715797
177,1,1,7,27.5,1,0.795371884
178,7,4,6,6,1,-0.948254038
179,4,4,20,19,1,0.106031403
180,4,4,6,32,1,1.160316845
181,6,2,6,6,1,-0.948254038
182,2,2,19,18.5,1,0.065481963
183,8,2,10,8,1,-0.786056278
184,4,4,4,5,1,-1.029352918
185,4,4,5,9.5,1,-0.664407958
186,4,4,6,15,1,-0.218364117
187,4,4,15,25.5,1,0.633174124
188,4,4,3,34.5,1,1.363064045
189,4,4,5,38.5,1,1.687459565
190,4,4,1,41.5,1,1.930756206
191,4,4,8,46,1,2.295701166
192,4,3,10,15,1,-0.218364117
193,3,3,11,25.5,1,0.633174124
194,7,5,1,3.5,1,-1.151001239
195,5,5,5,6.5,1,-0.907704598
196,5,4,1,9.5,1,-0.664407958
197,4,3,1,10.5,1,-0.583309078
198,3,2,6,14,1,-0.299462997
199,2,2,8,21,1,0.268229163
200,2,2,10,30,1,0.998119084
201,4,0,1,3.5,1,-1.151001239
202,6,0,2,4,1,-1.110451799
203,9,7,7,6.5,1,-0.907704598
204,7,4,5,12.5,1,-0.421111318
205,4,4,9,19.5,1,0.146580843
206,4,3,2,25,1,0.592624684
207,3,3,25,38.5,1,1.687459565
208,3,1,4,53,1,2.863393327
209,2,2,14,17,1,-0.056166357
210,3,2,1,3.5,1,-1.151001239
211,2,1,17,12.5,1,-0.421111318
212,7,7,1,3.5,1,-1.151001239
213,6,6,5,12.5,1,-0.421111318
214,6,6,21,25.5,1,0.633174124
215,13,12,1,4.5,1,-1.069902359
216,12,8,1,5.5,1,-0.988803478
217,8,4,1,6.5,1,-0.907704598
218,4,2,1,7.5,1,-0.826605718
219,2,2,2,9,1,-0.704957398
220,2,1,1,10.5,1,-0.583309078
221,1,0,1,11.5,1,-0.502210198
222,2,2,1,10.5,1,-0.583309078
223,8,8,9,14.5,1,-0.258913557
224,8,4,5,21.5,1,0.308778603
225,9,2,16,11,1,-0.542759638
226,2,2,14,26,1,0.673723564
227,2,2,11,38.5,1,1.687459565
228,6,6,1,10.5,1,-0.583309078
229,6,5,2,12,1,-0.461660758
230,5,5,2,14,1,-0.299462997
231,11,11,12,23,1,0.430426924
232,11,8,1,3.5,1,-1.151001239
233,8,6,2,5,1,-1.029352918
234,6,4,2,7,1,-0.867155158
235,4,3,2,9,1,-0.704957398
236,5,5,8,7,1,-0.867155158
237,4,4,4,5,1,-1.029352918
238,12,7,5,5.5,1,-0.988803478
239,8,7,2,4,1,-1.110451799
240,7,4,24,15,1,-0.218364117
241,12,4,3,4.5,1,-1.069902359
242,9,9,2,4,1,-1.110451799
243,9,9,2,6,1,-0.948254038
244,11,10,1,3.5,1,-1.151001239
245,10,7,8,8,1,-0.786056278
246,10,6,4,5,1,-1.029352918
247,9,6,15,12.5,1,-0.421111318
248,5,4,11,22.5,1,0.389877483
249,8,8,13,9.5,1,-0.664407958
250,8,5,6,19,1,0.106031403
251,5,4,9,26.5,1,0.714273004
252,12,8,4,5,1,-1.029352918
253,3,3,5,5.5,1,-0.988803478
254,8,1,12,9,1,-0.704957398
255,8,4,7,6.5,1,-0.907704598
256,11,1,13,9.5,1,-0.664407958
257,1,1,4,18,1,0.024932523
258,12,9,7,6.5,1,-0.907704598
259,9,5,6,13,1,-0.380561878
260,5,5,5,18.5,1,0.065481963
261,8,8,12,9,1,-0.704957398
262,5,5,9,7.5,1,-0.826605718
263,14,0,3,4.5,1,-1.069902359
264,6,6,2,4,1,-1.110451799
265,6,1,3,6.5,1,-0.907704598
266,7,6,1,3.5,1,-1.151001239
267,10,9,2,4,1,-1.110451799
268,9,7,1,5.5,1,-0.988803478
269,2,2,18,12,1,-0.461660758
270,8,8,1,3.5,1,-1.151001239
271,6,4,1,3.5,1,-1.151001239
272,4,2,2,5,1,-1.029352918
273,7,5,2,4,1,-1.110451799
274,3,2,3,18.5,1,0.065481963
275,7,7,13,9.5,1,-0.664407958
276,7,7,16,24,1,0.511525804
277,12,12,2,4,1,-1.110451799
278,12,12,4,7,1,-0.867155158
279,12,9,4,11,1,-0.542759638
280,9,8,4,15,1,-0.218364117
281,8,8,6,20,1,0.187130283
282,8,7,3,24.5,1,0.552075244
283,10,3,1,3.5,1,-1.151001239
284,3,1,11,9.5,1,-0.664407958
285,1,0,5,17.5,1,-0.015616917
286,5,5,21,20.5,1,0.227679723
287,5,2,7,6.5,1,-0.907704598
288,2,2,7,13.5,1,-0.340012438
289,2,2,14,24,1,0.511525804
290,3,3,1,31.5,1,1.119767404
291,3,3,1,32.5,1,1.200866285
292,3,3,4,35,1,1.403613485
293,3,3,3,38.5,1,1.687459565
294,11,9,21,13.5,1,-0.340012438
295,7,3,8,7,1,-0.867155158
296,6,2,3,4.5,1,-1.069902359
297,7,7,2,4,1,-1.110451799
298,7,5,2,6,1,-0.948254038
299,5,4,2,8,1,-0.786056278
300,4,4,3,10.5,1,-0.583309078
301,4,4,1,12.5,1,-0.421111318
302,4,4,3,14.5,1,-0.258913557
303,4,4,2,17,1,-0.056166357
304,4,4,1,18.5,1,0.065481963
305,4,4,1,19.5,1,0.146580843
306,4,4,2,21,1,0.268229163
307,4,4,2,23,1,0.430426924
308,4,4,2,25,1,0.592624684
309,4,4,3,27.5,1,0.795371884
310,4,4,2,30,1,0.998119084
311,4,4,6,34,1,1.322514605
312,4,4,7,40.5,1,1.849657325
313,4,4,10,49,1,2.538997806
314,8,8,21,27.5,1,0.795371884
315,7,6,2,4,1,-1.110451799
316,6,5,5,7.5,1,-0.826605718
317,5,4,8,14,1,-0.299462997
318,5,5,9,23.5,1,0.470976364
319,5,4,1,28.5,1,0.876470764
320,4,4,13,35.5,1,1.444162925
321,4,4,8,46,1,2.295701166
322,9,9,13,9.5,1,-0.664407958
323,9,8,6,19,1,0.106031403
324,4,1,4,5,1,-1.029352918
325,1,1,3,8.5,1,-0.745506838
326,5,2,4,7,1,-0.867155158
327,2,1,1,9.5,1,-0.664407958
328,7,2,8,7,1,-0.867155158
329,9,3,10,8,1,-0.786056278
330,11,10,5,12.5,1,-0.421111318
331,10,9,15,22.5,1,0.389877483
332,9,9,7,33.5,1,1.281965165
333,9,9,13,43.5,1,2.092953966
334,13,1,9,7.5,1,-0.826605718
335,11,8,5,5.5,1,-0.988803478
336,3,2,5,5.5,1,-0.988803478
337,8,7,5,5.5,1,-0.988803478
338,8,6,1,3.5,1,-1.151001239
339,6,6,1,4.5,1,-1.069902359
340,6,5,1,5.5,1,-0.988803478
341,5,4,1,6.5,1,-0.907704598
342,6,6,5,5.5,1,-0.988803478
343,6,5,1,8.5,1,-0.745506838
344,5,5,2,10,1,-0.623858518
345,5,3,6,14,1,-0.299462997
346,3,3,1,17.5,1,-0.015616917
347,3,3,2,19,1,0.106031403
348,3,3,3,21.5,1,0.308778603
349,3,3,2,24,1,0.511525804
350,3,3,3,26.5,1,0.714273004
351,3,3,3,29.5,1,0.957569644
352,3,3,17,39.5,1,1.768558445
353,11,11,3,11.5,1,-0.502210198
354,11,10,1,13.5,1,-0.340012438
355,10,10,1,14.5,1,-0.258913557
356,10,10,1,15.5,1,-0.177814677
357,10,10,2,17,1,-0.056166357
358,10,9,3,19.5,1,0.146580843
359,9,9,4,23,1,0.430426924
360,9,9,2,26,1,0.673723564
361,9,9,3,28.5,1,0.876470764
362,9,8,2,31,1,1.079217964
363,8,8,6,35,1,1.403613485
364,8,8,17,46.5,1,2.336250606
365,1,1,19,19.5,1,0.146580843
366,12,10,4,5,1,-1.029352918
367,10,9,1,3.5,1,-1.151001239
368,9,8,1,4.5,1,-1.069902359
369,8,7,5,7.5,1,-0.826605718
370,7,7,1,10.5,1,-0.583309078
371,7,6,10,16,1,-0.137265237
372,4,3,1,3.5,1,-1.151001239
373,3,2,1,4.5,1,-1.069902359
374,2,0,1,5.5,1,-0.988803478
375,10,2,7,6.5,1,-0.907704598
376,2,0,9,14.5,1,-0.258913557
377,11,8,1,3.5,1,-1.151001239
378,8,7,1,4.5,1,-1.069902359
379,7,6,1,5.5,1,-0.988803478
380,6,6,1,6.5,1,-0.907704598
381,6,6,1,7.5,1,-0.826605718
382,6,5,1,8.5,1,-0.745506838
383,5,5,1,9.5,1,-0.664407958
384,5,5,1,10.5,1,-0.583309078
385,5,5,1,11.5,1,-0.502210198
386,5,5,2,13,1,-0.380561878
387,5,4,5,16.5,1,-0.096715797
388,10,10,1,3.5,1,-1.151001239
389,11,10,1,3.5,1,-1.151001239
390,12,8,3,4.5,1,-1.069902359
391,8,7,1,6.5,1,-0.907704598
392,7,6,4,9,1,-0.704957398
393,6,6,10,16,1,-0.137265237
394,6,6,4,23,1,0.430426924
395,4,2,28,24,2,0.511525804
396,7,7,2,4,2,-1.110451799
397,7,5,3,6.5,2,-0.907704598
398,11,9,2,4,2,-1.110451799
399,9,8,2,6,2,-0.948254038
400,5,4,14,17,2,-0.056166357
401,4,4,7,27.5,2,0.795371884
402,3,3,1,3.5,2,-1.151001239
403,9,9,2,22,2,0.349328043
404,7,5,9,9.5,2,-0.664407958
405,5,5,17,22.5,2,0.389877483
406,5,4,10,36,2,1.484712365
407,4,4,13,47.5,2,2.417349486
408,11,5,19,10.5,2,-0.583309078
409,5,5,6,23,2,0.430426924
410,16,7,5,5.5,2,-0.988803478
411,7,2,7,11.5,2,-0.502210198
412,2,1,8,19,2,0.106031403
413,1,1,28,37,2,1.565811245
414,5,3,4,12,2,-0.461660758
415,13,6,7,6.5,2,-0.907704598
416,7,1,4,12,2,-0.461660758
417,2,2,11,22.5,2,0.389877483
418,2,2,3,29.5,2,0.957569644
419,2,2,3,22.5,2,0.389877483
420,2,2,25,36.5,2,1.525261805
421,1,1,10,15,2,-0.218364117
422,11,3,14,24,2,0.511525804
423,8,5,8,14,2,-0.299462997
424,5,5,3,19.5,2,0.146580843
425,5,5,3,22.5,2,0.389877483
426,5,5,10,29,2,0.917020204
427,5,5,6,37,2,1.565811245
428,9,3,5,5.5,2,-0.988803478
429,8,2,7,6.5,2,-0.907704598
430,5,2,6,6,2,-0.948254038
431,9,5,1,3.5,2,-1.151001239
432,11,11,1,3.5,2,-1.151001239
433,11,11,2,5,2,-1.029352918
434,11,11,2,7,2,-0.867155158
435,13,7,1,3.5,2,-1.151001239
436,7,6,1,4.5,2,-1.069902359
437,6,6,5,5.5,2,-0.988803478
438,6,6,5,10.5,2,-0.583309078
439,6,6,7,16.5,2,-0.096715797
440,6,6,18,29,2,0.917020204
441,13,4,4,5,2,-1.029352918
442,4,3,3,8.5,2,-0.745506838
443,3,2,7,13.5,2,-0.340012438
444,2,0,21,27.5,2,0.795371884
445,6,1,5,5.5,2,-0.988803478
446,13,7,5,5.5,2,-0.988803478
447,7,7,9,12.5,2,-0.421111318
448,7,6,21,27.5,2,0.795371884
449,16,15,1,1.5,2,-1.313198999
450,15,14,2,3,2,-1.191550679
451,14,3,3,5.5,2,-0.988803478
452,5,5,4,5,2,-1.029352918
453,10,8,2,4,2,-1.110451799
454,8,7,1,5.5,2,-0.988803478
455,7,5,1,6.5,2,-0.907704598
456,5,5,4,9,2,-0.704957398
457,5,4,1,11.5,2,-0.502210198
458,4,4,6,15,2,-0.218364117
459,4,4,7,21.5,2,0.308778603
460,8,5,6,13,2,-0.380561878
461,5,1,7,6.5,2,-0.907704598
462,6,6,5,5.5,2,-0.988803478
463,2,1,5,19.5,2,0.146580843
464,1,1,6,25,2,0.592624684
465,7,7,5,16.5,2,-0.096715797
466,7,7,3,20.5,2,0.227679723
467,3,1,4,19,2,0.106031403
468,7,4,2,4,2,-1.110451799
469,4,3,2,6,2,-0.948254038
470,3,3,3,8.5,2,-0.745506838
471,3,3,2,11,2,-0.542759638
472,3,3,2,13,2,-0.380561878
473,4,1,7,6.5,2,-0.907704598
474,7,7,1,20.5,2,0.227679723
475,10,5,1,3.5,2,-1.151001239
476,5,3,1,4.5,2,-1.069902359
477,3,2,2,6,2,-0.948254038
478,2,2,1,7.5,2,-0.826605718
479,2,2,2,9,2,-0.704957398
480,2,1,2,11,2,-0.542759638
481,1,1,2,13,2,-0.380561878
482,1,1,7,17.5,2,-0.015616917
483,8,4,6,6,2,-0.948254038
484,4,3,4,11,2,-0.542759638
485,4,1,3,11.5,2,-0.502210198
486,3,3,3,11.5,2,-0.502210198
487,3,3,10,18,2,0.024932523
488,3,3,9,27.5,2,0.795371884
489,11,11,4,5,2,-1.029352918
490,11,11,4,9,2,-0.704957398
491,11,9,1,11.5,2,-0.502210198
492,9,9,6,15,2,-0.218364117
493,9,9,4,20,2,0.187130283
494,9,9,2,23,2,0.430426924
495,9,9,6,27,2,0.754822444
496,9,9,3,31.5,2,1.119767404
497,9,9,5,35.5,2,1.444162925
498,9,9,1,38.5,2,1.687459565
499,4,3,1,3.5,2,-1.151001239
500,3,1,8,8,2,-0.786056278
501,3,3,1,10.5,2,-0.583309078
502,3,1,3,12.5,2,-0.421111318
503,1,1,4,16,2,-0.137265237
504,1,1,1,18.5,2,0.065481963
505,1,1,2,20,2,0.187130283
506,1,1,4,23,2,0.430426924
507,5,5,13,23.5,2,0.470976364
508,10,2,6,6,2,-0.948254038
509,2,2,5,11.5,2,-0.502210198
510,2,2,3,15.5,2,-0.177814677
511,3,3,1,3.5,2,-1.151001239
512,7,2,6,6,2,-0.948254038
513,8,5,3,8.5,2,-0.745506838
514,4,3,6,6,2,-0.948254038
515,4,4,5,12.5,2,-0.421111318
516,2,1,2,4,2,-1.110451799
517,1,1,10,29,2,0.917020204
518,1,1,12,40,2,1.809107885
519,1,1,4,19,2,0.106031403
520,2,1,3,11.5,2,-0.502210198
521,4,3,4,26,2,0.673723564
522,6,2,3,4.5,2,-1.069902359
523,2,1,3,7.5,2,-0.826605718
524,9,7,5,5.5,2,-0.988803478
525,7,5,5,10.5,2,-0.583309078
526,5,4,1,13.5,2,-0.340012438
527,4,4,14,21,2,0.268229163
528,4,2,18,37,2,1.565811245
529,5,2,1,49.5,2,2.579547246
530,2,0,14,17,2,-0.056166357
531,3,3,3,32.5,2,1.200866285
532,3,3,6,37,2,1.565811245
533,3,3,9,44.5,2,2.174052846
534,6,2,3,4.5,2,-1.069902359
535,2,0,14,13,2,-0.380561878
536,3,3,10,22,2,0.349328043
537,3,3,20,37,2,1.565811245
538,3,3,4,49,2,2.538997806
539,4,3,1,17.5,2,-0.015616917
540,7,6,4,12,2,-0.461660758
541,6,4,5,16.5,2,-0.096715797
542,4,3,1,19.5,2,0.146580843
543,3,2,11,25.5,2,0.633174124
544,2,2,16,39,2,1.728009005
545,2,2,7,50.5,2,2.660646127
546,4,4,8,28,2,0.835921324
547,14,7,9,14.5,2,-0.258913557
548,8,4,4,12,2,-0.461660758
549,4,3,2,15,2,-0.218364117
550,3,2,16,24,2,0.511525804
551,7,6,1,3.5,2,-1.151001239
552,6,3,3,5.5,2,-0.988803478
553,2,2,3,11.5,2,-0.502210198
554,5,4,2,4,2,-1.110451799
555,4,2,2,6,2,-0.948254038
556,2,2,1,7.5,2,-0.826605718
557,2,2,1,8.5,2,-0.745506838
558,2,2,1,9.5,2,-0.664407958
559,2,2,2,11,2,-0.542759638
560,2,1,10,17,2,-0.056166357
561,1,1,1,22.5,2,0.389877483
562,5,5,1,17.5,2,-0.015616917
563,8,1,9,7.5,2,-0.826605718
564,1,1,13,18.5,2,0.065481963
565,1,1,2,26,2,0.673723564
566,1,0,6,30,2,0.998119084
567,2,2,1,17.5,2,-0.015616917
568,7,7,1,17.5,2,-0.015616917
569,7,7,2,19,2,0.106031403
570,6,6,6,20,2,0.187130283
571,6,6,4,25,2,0.592624684
572,3,3,1,3.5,2,-1.151001239
573,9,7,5,12.5,2,-0.421111318
574,7,7,3,16.5,2,-0.096715797
575,4,2,1,3.5,2,-1.151001239
576,2,2,1,4.5,2,-1.069902359
577,2,0,2,6,2,-0.948254038
578,12,6,26,16,2,-0.137265237
579,6,6,1,29.5,2,0.957569644
580,6,6,2,31,2,1.079217964
581,6,6,5,34.5,2,1.363064045
582,6,6,12,43,2,2.052404526
583,6,6,2,50,2,2.620096686
584,5,5,16,34,2,1.322514605
585,5,5,13,48.5,2,2.498448366
586,1,1,4,12,2,-0.461660758
587,1,1,10,19,2,0.106031403
588,1,1,13,9.5,2,-0.664407958
589,4,2,7,13.5,2,-0.340012438
590,12,12,1,3.5,2,-1.151001239
591,12,8,6,7,2,-0.867155158
592,8,8,26,23,2,0.430426924
593,8,6,7,39.5,2,1.768558445
594,2,2,1,24.5,2,0.552075244
595,4,2,5,5.5,2,-0.988803478
596,2,2,7,11.5,2,-0.502210198
597,5,1,1,3.5,2,-1.151001239
598,4,4,1,3.5,2,-1.151001239
599,5,5,3,25.5,2,0.633174124
600,5,5,2,28,2,0.835921324
601,4,4,1,24.5,2,0.552075244
602,1,1,8,7,2,-0.867155158
603,1,1,1,17.5,2,-0.015616917
604,1,1,1,18.5,2,0.065481963
605,1,1,2,20,2,0.187130283
606,1,1,4,23,2,0.430426924
607,1,1,1,25.5,2,0.633174124
608,1,1,1,26.5,2,0.714273004
609,1,1,3,28.5,2,0.876470764
610,1,1,1,30.5,2,1.038668524
611,1,1,2,32,2,1.160316845
612,1,1,1,33.5,2,1.281965165
613,1,1,1,34.5,2,1.363064045
614,1,1,2,36,2,1.484712365
615,1,1,3,38.5,2,1.687459565
616,1,1,2,41,2,1.890206765
617,1,1,4,44,2,2.133503406
618,1,1,2,47,2,2.376800046
619,1,1,5,50.5,2,2.660646127
620,4,4,6,6,2,-0.948254038
621,5,5,3,25.5,2,0.633174124
622,5,4,26,16,2,-0.137265237
623,4,4,9,33.5,2,1.281965165
624,4,4,13,44.5,2,2.174052846
625,7,6,7,34.5,2,1.363064045
626,8,5,3,11.5,2,-0.502210198
627,8,7,6,6,2,-0.948254038
628,3,3,2,39,2,1.728009005
629,3,3,3,41.5,2,1.930756206
630,3,3,2,44,2,2.133503406
631,3,3,2,46,2,2.295701166
632,3,3,1,47.5,2,2.417349486
633,3,3,4,50,2,2.620096686
634,3,3,2,53,2,2.863393327
635,7,5,1,3.5,2,-1.151001239
636,5,5,2,4,2,-1.110451799
637,5,3,2,6,2,-0.948254038
638,8,7,2,18,2,0.024932523
639,7,4,5,21.5,2,0.308778603
640,4,3,17,32.5,2,1.200866285
641,3,2,1,41.5,2,1.930756206
642,8,7,5,19.5,2,0.146580843
643,5,1,16,11,2,-0.542759638
644,6,4,3,4.5,2,-1.069902359
645,7,2,4,5,2,-1.029352918
646,3,3,3,25.5,2,0.633174124
647,3,3,2,28,2,0.835921324
648,3,3,18,38,2,1.646910125
649,8,8,1,3.5,2,-1.151001239
650,9,2,10,15,2,-0.218364117
651,7,4,4,12,2,-0.461660758
652,4,1,20,24,2,0.511525804
653,9,3,3,4.5,2,-1.069902359
654,3,1,3,4.5,2,-1.069902359
655,3,2,21,27.5,2,0.795371884
656,6,3,5,5.5,2,-0.988803478
657,2,2,4,12,2,-0.461660758
658,2,2,6,17,2,-0.056166357
659,2,2,6,23,2,0.430426924
660,11,8,17,11.5,2,-0.502210198
661,6,6,1,24.5,2,0.552075244
662,1,1,3,46.5,2,2.336250606
663,4,4,1,3.5,2,-1.151001239
664,4,2,17,12.5,2,-0.421111318
665,10,1,2,4,2,-1.110451799
666,10,7,14,10,2,-0.623858518
667,7,4,7,13.5,2,-0.340012438
668,4,3,9,21.5,2,0.308778603
669,3,2,5,28.5,2,0.876470764
670,2,2,15,38.5,2,1.687459565
671,8,6,3,4.5,2,-1.069902359
672,6,1,7,9.5,2,-0.664407958
673,2,2,9,28.5,2,0.876470764
674,7,6,12,9,2,-0.704957398
675,9,3,4,5,2,-1.029352918
676,1,1,20,13,2,-0.380561878
677,1,1,2,25,2,0.592624684
678,6,6,6,6,2,-0.948254038
679,3,2,20,34,2,1.322514605
680,2,2,3,18.5,2,0.065481963
681,2,2,1,20.5,2,0.227679723
682,2,2,3,22.5,2,0.389877483
683,2,1,7,27.5,2,0.795371884
684,8,4,12,9,2,-0.704957398
685,4,4,7,18.5,2,0.065481963
686,4,2,7,25.5,2,0.633174124
687,3,3,22,14,2,-0.299462997
688,4,4,14,24,2,0.511525804
689,8,3,5,12.5,2,-0.421111318
690,3,2,4,5,2,-1.029352918
691,2,0,4,9,2,-0.704957398
692,8,7,3,4.5,2,-1.069902359
693,7,6,6,9,2,-0.704957398
694,6,6,1,12.5,2,-0.421111318
695,7,4,3,4.5,2,-1.069902359
696,4,3,1,6.5,2,-0.907704598
697,3,1,1,7.5,2,-0.826605718
698,1,0,3,9.5,2,-0.664407958
699,7,5,1,3.5,2,-1.151001239
700,5,4,1,4.5,2,-1.069902359
701,4,0,1,5.5,2,-0.988803478
702,11,10,6,6,2,-0.948254038
703,10,8,5,11.5,2,-0.502210198
704,7,6,1,3.5,2,-1.151001239
705,6,5,1,4.5,2,-1.069902359
706,5,3,2,6,2,-0.948254038
707,3,0,1,7.5,2,-0.826605718
708,6,4,1,3.5,2,-1.151001239
709,4,0,2,5,2,-1.029352918
710,12,0,5,5.5,2,-0.988803478
711,6,2,3,4.5,2,-1.069902359
712,6,6,13,44.5,2,2.174052846
713,4,4,6,13,2,-0.380561878
714,4,4,2,17,2,-0.056166357
715,5,4,20,20,2,0.187130283
716,9,9,1,3.5,2,-1.151001239
717,9,6,2,5,2,-1.029352918
718,6,6,1,6.5,2,-0.907704598
719,6,6,3,8.5,2,-0.745506838
720,6,5,3,11.5,2,-0.502210198
721,5,5,1,13.5,2,-0.340012438
722,5,4,3,15.5,2,-0.177814677
723,4,4,5,19.5,2,0.146580843
724,4,4,1,22.5,2,0.389877483
725,4,4,2,24,2,0.511525804
726,4,4,1,25.5,2,0.633174124
727,4,4,2,27,2,0.754822444
728,4,4,1,28.5,2,0.876470764
729,4,4,2,30,2,0.998119084
730,4,3,2,32,2,1.160316845
731,3,3,2,34,2,1.322514605
732,5,5,4,12,2,-0.461660758
733,2,2,9,7.5,2,-0.826605718
734,3,2,16,18,2,0.024932523
735,6,5,7,13.5,2,-0.340012438
736,7,3,3,11.5,2,-0.502210198
737,3,2,5,15.5,2,-0.177814677
738,2,1,3,19.5,2,0.146580843
739,1,1,6,24,2,0.511525804
740,2,1,15,40.5,2,1.849657325
741,2,1,4,5,2,-1.029352918
742,1,1,1,7.5,2,-0.826605718
743,1,1,2,9,2,-0.704957398
744,1,1,7,20.5,2,0.227679723
745,1,1,14,31,2,1.079217964
746,9,8,9,14.5,2,-0.258913557
747,1,1,1,3.5,2,-1.151001239
748,1,1,2,5,2,-1.029352918
749,1,1,1,6.5,2,-0.907704598
750,1,1,1,7.5,2,-0.826605718
751,1,0,1,8.5,2,-0.745506838
752,4,2,4,12,2,-0.461660758
753,2,2,9,18.5,2,0.065481963
754,2,2,3,39.5,2,1.768558445
755,4,3,11,15.5,2,-0.177814677
756,1,1,2,18,2,0.024932523
757,12,9,1,3.5,2,-1.151001239
758,6,5,15,24.5,2,0.552075244
759,2,2,6,20,2,0.187130283
760,7,7,8,14,2,-0.299462997
761,14,12,7,6.5,2,-0.907704598
762,10,5,3,4.5,2,-1.069902359
763,5,4,4,8,2,-0.786056278
764,4,3,1,10.5,2,-0.583309078
765,3,2,2,12,2,-0.461660758
766,1,1,21,20.5,2,0.227679723
767,11,9,24,15,2,-0.218364117
768,9,9,7,30.5,2,1.038668524
769,3,3,1,17.5,2,-0.015616917
770,10,5,15,10.5,2,-0.583309078
771,11,10,1,3.5,2,-1.151001239
772,24,10,1,5.5,2,-0.988803478
773,10,8,2,7,2,-0.867155158
774,8,7,1,8.5,2,-0.745506838
775,7,4,10,14,2,-0.299462997
776,6,5,5,5.5,2,-0.988803478
777,8,8,2,4,2,-1.110451799
778,6,6,2,11,2,-0.542759638
779,6,5,5,14.5,2,-0.258913557
780,5,3,16,25,2,0.592624684
781,7,6,1,3.5,2,-1.151001239
782,6,4,1,4.5,2,-1.069902359
783,7,3,5,5.5,2,-0.988803478
784,3,0,2,9,2,-0.704957398
785,12,5,7,6.5,2,-0.907704598
786,5,2,10,15,2,-0.218364117
787,9,9,1,3.5,2,-1.151001239
788,9,7,1,4.5,2,-1.069902359
789,7,7,1,5.5,2,-0.988803478
790,7,5,1,6.5,2,-0.907704598
791,5,4,1,7.5,2,-0.826605718
792,4,2,2,9,2,-0.704957398
793,2,0,1,10.5,2,-0.583309078
794,2,2,4,5,2,-1.029352918
795,11,7,4,5,2,-1.029352918
796,7,7,2,8,2,-0.786056278
797,7,7,1,9.5,2,-0.664407958
798,8,7,1,3.5,2,-1.151001239
799,8,8,2,18,2,0.024932523
800,10,7,3,4.5,2,-1.069902359
801,5,2,1,4.5,2,-1.069902359
802,2,1,1,5.5,2,-0.988803478
803,1,1,1,6.5,2,-0.907704598
804,1,0,2,8,2,-0.786056278
805,2,2,1,10.5,2,-0.583309078
806,5,5,1,10.5,2,-0.583309078
807,7,7,1,3.5,2,-1.151001239
808,9,6,7,6.5,2,-0.907704598
809,2,2,7,13.5,2,-0.340012438
810,12,12,1,3.5,2,-1.151001239
811,7,7,9,14.5,2,-0.258913557
812,4,3,1,3.5,2,-1.151001239
813,11,7,2,4,2,-1.110451799
814,7,2,1,5.5,2,-0.988803478
815,2,1,1,6.5,2,-0.907704598
816,1,0,1,7.5,2,-0.826605718
817,8,8,1,3.5,2,-1.151001239
818,8,7,1,4.5,2,-1.069902359
819,7,7,5,7.5,2,-0.826605718
820,7,7,2,11,2,-0.542759638
821,7,5,3,13.5,2,-0.340012438
822,5,4,2,16,2,-0.137265237
823,4,4,5,19.5,2,0.146580843
824,9,5,7,6.5,2,-0.907704598
825,5,5,7,13.5,2,-0.340012438
826,4,4,6,27,2,0.754822444
827,4,4,5,32.5,2,1.200866285
828,4,4,8,39,2,1.728009005
829,4,4,5,45.5,2,2.255151726
830,4,4,3,49.5,2,2.579547246
831,4,4,11,15.5,2,-0.177814677
832,4,4,8,25,2,0.592624684
833,7,5,1,3.5,2,-1.151001239
834,5,5,1,4.5,2,-1.069902359
835,5,4,2,6,2,-0.948254038
836,4,3,2,8,2,-0.786056278
837,3,2,2,10,2,-0.623858518
838,8,3,12,9,2,-0.704957398
839,3,2,6,18,2,0.024932523
840,6,5,1,3.5,2,-1.151001239
841,5,4,1,4.5,2,-1.069902359
842,4,2,2,6,2,-0.948254038
843,2,1,2,8,2,-0.786056278
844,1,1,2,10,2,-0.623858518
845,1,1,3,12.5,2,-0.421111318
846,1,0,2,15,2,-0.218364117
847,3,0,1,3.5,2,-1.151001239
848,2,1,5,5.5,2,-0.988803478
849,11,11,1,3.5,2,-1.151001239
850,6,5,2,11,2,-0.542759638
851,5,4,7,15.5,2,-0.177814677
852,4,0,2,4,2,-1.110451799
853,10,9,2,11,2,-0.542759638
854,9,7,2,13,2,-0.380561878
855,7,2,8,18,2,0.024932523
856,2,2,5,24.5,2,0.552075244
857,10,3,2,4,2,-1.110451799
858,3,0,1,5.5,2,-0.988803478
859,11,11,1,3.5,2,-1.151001239
860,11,0,1,4.5,2,-1.069902359
861,9,8,1,3.5,2,-1.151001239
862,8,5,1,4.5,2,-1.069902359
863,12,11,1,3.5,2,-1.151001239
864,11,8,1,4.5,2,-1.069902359
865,8,5,1,5.5,2,-0.988803478
866,5,4,1,6.5,2,-0.907704598
867,4,3,2,8,2,-0.786056278
868,3,2,1,9.5,2,-0.664407958
869,2,2,1,10.5,2,-0.583309078
870,2,2,1,11.5,2,-0.502210198
871,2,2,1,12.5,2,-0.421111318
872,2,2,1,13.5,2,-0.340012438
873,11,11,1,3.5,2,-1.151001239
874,10,2,3,4.5,2,-1.069902359
875,2,1,1,6.5,2,-0.907704598
876,1,0,2,8,2,-0.786056278
877,5,4,1,3.5,2,-1.151001239
878,4,3,1,4.5,2,-1.069902359
879,3,3,1,5.5,2,-0.988803478
880,3,0,3,7.5,2,-0.826605718
881,9,6,1,3.5,2,-1.151001239
882,6,5,1,4.5,2,-1.069902359
883,4,3,1,10.5,2,-0.583309078
884,3,3,3,12.5,2,-0.421111318
885,3,2,4,16,2,-0.137265237
886,2,2,1,18.5,2,0.065481963
887,2,2,1,19.5,2,0.146580843
888,4,4,1,3.5,2,-1.151001239
889,4,3,1,4.5,2,-1.069902359
890,3,1,4,7,2,-0.867155158
891,1,0,1,9.5,2,-0.664407958
892,10,3,3,4.5,2,-1.069902359
893,5,0,1,3.5,2,-1.151001239
894,5,5,4,19,2,0.106031403
895,5,5,11,26.5,2,0.714273004
896,5,5,6,35,2,1.403613485
897,5,5,7,41.5,2,1.930756206
898,3,3,5,12.5,3,-0.421111318
899,3,2,10,20,3,0.187130283
900,3,2,4,19,3,0.106031403
901,6,5,6,20,3,0.187130283
902,5,4,4,25,3,0.592624684
903,4,2,6,30,3,0.998119084
904,3,3,5,33.5,3,1.281965165
905,7,2,2,4,3,-1.110451799
906,6,0,12,9,3,-0.704957398
907,4,3,8,14,3,-0.299462997
908,3,3,8,22,3,0.349328043
909,3,3,8,30,3,0.998119084
910,3,3,14,41,3,1.890206765
911,13,2,13,9.5,3,-0.664407958
912,4,4,8,14,3,-0.299462997
913,5,3,17,25.5,3,0.633174124
914,3,3,5,36.5,3,1.525261805
915,12,8,3,4.5,3,-1.069902359
916,8,6,2,7,3,-0.867155158
917,6,3,2,9,3,-0.704957398
918,3,2,3,11.5,3,-0.502210198
919,2,2,3,14.5,3,-0.258913557
920,2,2,13,22.5,3,0.389877483
921,2,2,18,38,3,1.646910125
922,7,5,2,4,3,-1.110451799
923,3,1,1,45.5,3,2.255151726
924,8,3,14,24,3,0.511525804
925,3,3,5,47.5,3,2.417349486
926,5,3,3,4.5,3,-1.069902359
927,7,3,9,7.5,3,-0.826605718
928,4,4,2,39,3,1.728009005
929,3,3,2,18,3,0.024932523
930,3,2,3,20.5,3,0.227679723
931,2,2,5,24.5,3,0.552075244
932,2,2,3,28.5,3,0.876470764
933,2,2,3,31.5,3,1.119767404
934,2,2,4,35,3,1.403613485
935,6,6,2,11,3,-0.542759638
936,1,1,17,25.5,3,0.633174124
937,4,1,4,5,3,-1.029352918
938,3,1,3,4.5,3,-1.069902359
939,1,1,4,8,3,-0.786056278
940,1,1,3,11.5,3,-0.502210198
941,5,4,2,11,3,-0.542759638
942,7,4,5,5.5,3,-0.988803478
943,5,5,19,33.5,3,1.281965165
944,4,1,6,20,3,0.187130283
945,1,1,2,24,3,0.511525804
946,1,1,6,13,3,-0.380561878
947,1,1,7,19.5,3,0.146580843
948,1,1,7,26.5,3,0.714273004
949,7,7,8,35,3,1.403613485
950,6,5,9,14.5,3,-0.258913557
951,5,3,19,19.5,3,0.146580843
952,1,1,5,26.5,3,0.714273004
953,1,1,2,30,3,0.998119084
954,5,5,1,3.5,3,-1.151001239
955,5,3,1,3.5,3,-1.151001239
956,7,3,5,26.5,3,0.714273004
957,8,5,7,6.5,3,-0.907704598
958,5,5,6,13,3,-0.380561878
959,5,5,15,23.5,3,0.470976364
960,5,5,1,31.5,3,1.119767404
961,14,2,2,4,3,-1.110451799
962,2,0,3,6.5,3,-0.907704598
963,4,4,6,34,3,1.322514605
964,1,1,6,6,3,-0.948254038
965,5,5,15,38.5,3,1.687459565
966,3,3,11,30.5,3,1.038668524
967,3,3,2,37,3,1.565811245
968,2,1,5,14.5,3,-0.258913557
969,4,4,3,4.5,3,-1.069902359
970,4,4,1,6.5,3,-0.907704598
971,4,4,1,7.5,3,-0.826605718
972,4,4,2,9,3,-0.704957398
973,4,4,3,11.5,3,-0.502210198
974,4,3,2,14,3,-0.299462997
975,3,3,2,16,3,-0.137265237
976,3,3,1,17.5,3,-0.015616917
977,3,3,3,19.5,3,0.146580843
978,3,3,3,22.5,3,0.389877483
979,3,3,1,24.5,3,0.552075244
980,3,2,8,29,3,0.917020204
981,2,2,6,36,3,1.484712365
982,2,2,2,40,3,1.809107885
983,2,2,2,42,3,1.971305646
984,2,2,3,44.5,3,2.174052846
985,2,2,3,47.5,3,2.417349486
986,2,2,1,49.5,3,2.579547246
987,9,8,1,10.5,3,-0.583309078
988,8,7,4,13,3,-0.380561878
989,7,7,2,16,3,-0.137265237
990,8,8,1,19.5,3,0.146580843
991,8,8,3,21.5,3,0.308778603
992,8,8,1,23.5,3,0.470976364
993,8,8,2,25,3,0.592624684
994,8,8,1,26.5,3,0.714273004
995,8,8,1,27.5,3,0.795371884
996,8,7,1,28.5,3,0.876470764
997,7,7,1,29.5,3,0.957569644
998,7,7,1,30.5,3,1.038668524
999,7,7,1,31.5,3,1.119767404
1000,7,7,1,32.5,3,1.200866285
1001,7,7,1,33.5,3,1.281965165
1002,8,7,4,40,3,1.809107885
1003,7,7,2,43,3,2.052404526
1004,7,7,4,46,3,2.295701166
1005,7,7,2,49,3,2.538997806
1006,7,7,2,51,3,2.701195567
1007,7,7,1,52.5,3,2.822843887
1008,4,4,8,28,3,0.835921324
1009,3,2,5,47.5,3,2.417349486
1010,5,5,5,40.5,3,1.849657325
1011,5,5,7,46.5,3,2.336250606
1012,4,4,7,20.5,3,0.227679723
1013,6,3,6,48,3,2.457898926
1014,6,6,3,11.5,3,-0.502210198
1015,4,1,11,8.5,3,-0.745506838
1016,3,3,1,24.5,3,0.552075244
1017,3,3,1,25.5,3,0.633174124
1018,3,3,4,28,3,0.835921324
1019,3,3,6,33,3,1.241415725
1020,3,3,2,37,3,1.565811245
1021,3,3,1,38.5,3,1.687459565
1022,3,3,3,40.5,3,1.849657325
1023,3,3,1,42.5,3,2.011855086
1024,3,3,8,47,3,2.376800046
1025,2,2,3,18.5,3,0.065481963
1026,2,2,5,22.5,3,0.389877483
1027,7,7,1,3.5,3,-1.151001239
1028,7,5,6,7,3,-0.867155158
1029,5,4,7,20.5,3,0.227679723
1030,2,2,11,22.5,3,0.389877483
1031,5,2,2,4,3,-1.110451799
1032,5,3,3,4.5,3,-1.069902359
1033,4,3,2,4,3,-1.110451799
1034,12,6,1,10.5,3,-0.583309078
1035,6,6,6,27,3,0.754822444
1036,7,7,8,28,3,0.835921324
1037,10,10,1,3.5,3,-1.151001239
1038,10,9,2,5,3,-1.029352918
1039,9,3,5,8.5,3,-0.745506838
1040,3,3,1,17.5,3,-0.015616917
1041,1,1,12,23,3,0.430426924
1042,2,1,8,7,3,-0.867155158
1043,6,6,13,44.5,3,2.174052846
1044,4,4,2,32,3,1.160316845
1045,4,4,1,33.5,3,1.281965165
1046,2,2,11,22.5,3,0.389877483
1047,4,1,12,16,3,-0.137265237
1048,4,4,8,49,3,2.538997806
1049,6,6,11,43.5,3,2.092953966
1050,3,1,4,5,3,-1.029352918
1051,4,4,7,48.5,3,2.498448366
1052,4,4,3,53.5,3,2.903942767
1053,8,5,9,7.5,3,-0.826605718
1054,12,1,3,4.5,3,-1.069902359
1055,8,6,1,3.5,3,-1.151001239
1056,6,2,10,9,3,-0.704957398
1057,9,9,2,4,3,-1.110451799
1058,9,1,10,10,3,-0.623858518
1059,1,1,3,16.5,3,-0.096715797
1060,6,6,4,12,3,-0.461660758
1061,6,3,8,18,3,0.024932523
1062,5,4,1,3.5,3,-1.151001239
1063,4,4,1,4.5,3,-1.069902359
1064,4,3,1,5.5,3,-0.988803478
1065,3,3,2,7,3,-0.867155158
1066,3,3,1,8.5,3,-0.745506838
1067,3,2,3,10.5,3,-0.583309078
1068,2,2,1,12.5,3,-0.421111318
1069,2,2,6,16,3,-0.137265237
1070,2,2,2,20,3,0.187130283
1071,2,2,7,24.5,3,0.552075244
1072,4,3,2,4,3,-1.110451799
1073,3,1,6,8,3,-0.786056278
1074,1,1,13,17.5,3,-0.015616917
1075,7,7,1,3.5,3,-1.151001239
1076,7,4,1,4.5,3,-1.069902359
1077,8,7,4,5,3,-1.029352918
1078,7,4,4,9,3,-0.704957398
1079,4,1,3,12.5,3,-0.421111318
1080,1,1,4,16,3,-0.137265237
1081,10,9,3,4.5,3,-1.069902359
1082,11,11,2,4,3,-1.110451799
1083,11,6,8,9,3,-0.704957398
1084,6,5,4,15,3,-0.218364117
1085,5,5,15,24.5,3,0.552075244
1086,5,5,19,41.5,3,1.930756206
1087,3,1,8,7,3,-0.867155158
1088,7,6,1,3.5,3,-1.151001239
1089,5,3,7,6.5,3,-0.907704598
1090,3,3,2,4,3,-1.110451799
1091,3,3,17,13.5,3,-0.340012438
1092,10,10,6,6,3,-0.948254038
1093,6,6,1,3.5,3,-1.151001239
1094,6,6,1,4.5,3,-1.069902359
1095,6,2,3,6.5,3,-0.907704598
1096,5,5,6,13,3,-0.380561878
1097,5,5,2,17,3,-0.056166357
1098,15,11,7,6.5,3,-0.907704598
1099,11,11,8,14,3,-0.299462997
1100,11,11,8,22,3,0.349328043
1101,14,2,7,6.5,3,-0.907704598
1102,2,1,8,14,3,-0.299462997
1103,4,3,6,6,3,-0.948254038
1104,10,9,6,6,3,-0.948254038
1105,9,4,11,14.5,3,-0.258913557
1106,8,2,21,13.5,3,-0.340012438
1107,7,5,14,10,3,-0.623858518
1108,5,5,7,20.5,3,0.227679723
1109,5,5,8,28,3,0.835921324
1110,5,5,1,32.5,3,1.200866285
1111,5,5,3,34.5,3,1.363064045
1112,5,5,18,45,3,2.214602286
1113,9,1,6,6,3,-0.948254038
1114,7,6,16,21,3,0.268229163
1115,6,6,7,32.5,3,1.200866285
1116,6,5,6,39,3,1.728009005
1117,5,1,3,43.5,3,2.092953966
1118,6,3,6,6,3,-0.948254038
1119,3,3,4,11,3,-0.542759638
1120,3,2,3,14.5,3,-0.258913557
1121,8,7,6,39,3,1.728009005
1122,7,6,12,48,3,2.457898926
1123,8,0,4,5,3,-1.029352918
1124,6,6,7,20.5,3,0.227679723
1125,7,7,23,21.5,3,0.308778603
1126,7,3,13,39.5,3,1.768558445
1127,10,5,7,6.5,3,-0.907704598
1128,6,2,6,20,3,0.187130283
1129,15,15,9,7.5,3,-0.826605718
1130,15,10,26,25,3,0.592624684
1131,10,10,7,41.5,3,1.930756206
1132,1,1,1,15.5,3,-0.177814677
1133,8,6,7,6.5,3,-0.907704598
1134,12,10,10,8,3,-0.786056278
1135,9,4,4,5,3,-1.029352918
1136,4,1,1,7.5,3,-0.826605718
1137,1,0,4,10,3,-0.623858518
1138,6,6,1,17.5,3,-0.015616917
1139,6,6,1,18.5,3,0.065481963
1140,6,5,5,21.5,3,0.308778603
1141,5,5,1,24.5,3,0.552075244
1142,5,5,1,25.5,3,0.633174124
1143,5,5,3,27.5,3,0.795371884
1144,5,5,2,30,3,0.998119084
1145,5,5,4,33,3,1.241415725
1146,3,2,7,6.5,3,-0.907704598
1147,7,4,4,5,3,-1.029352918
1148,3,3,1,10.5,3,-0.583309078
1149,9,2,22,14,3,-0.299462997
1150,4,3,3,4.5,3,-1.069902359
1151,10,2,4,5,3,-1.029352918
1152,11,5,2,4,3,-1.110451799
1153,8,4,1,3.5,3,-1.151001239
1154,4,1,15,11.5,3,-0.502210198
1155,2,2,4,19,3,0.106031403
1156,2,1,8,25,3,0.592624684
1157,1,1,16,37,3,1.565811245
1158,6,6,1,3.5,3,-1.151001239
1159,6,4,14,11,3,-0.542759638
1160,3,1,4,12,3,-0.461660758
1161,2,2,1,3.5,3,-1.151001239
1162,2,1,6,7,3,-0.867155158
1163,5,5,9,7.5,3,-0.826605718
1164,5,5,8,16,3,-0.137265237
1165,5,5,11,25.5,3,0.633174124
1166,16,11,3,4.5,3,-1.069902359
1167,6,5,8,14,3,-0.299462997
1168,5,4,3,19.5,3,0.146580843
1169,4,2,11,26.5,3,0.714273004
1170,11,5,10,8,3,-0.786056278
1171,12,9,3,4.5,3,-1.069902359
1172,9,1,6,9,3,-0.704957398
1173,9,7,2,4,3,-1.110451799
1174,7,6,1,5.5,3,-0.988803478
1175,10,10,2,4,3,-1.110451799
1176,10,8,1,5.5,3,-0.988803478
1177,7,6,2,7,3,-0.867155158
1178,6,5,2,9,3,-0.704957398
1179,5,3,2,11,3,-0.542759638
1180,3,3,3,13.5,3,-0.340012438
1181,3,3,4,17,3,-0.056166357
1182,3,3,3,20.5,3,0.227679723
1183,3,2,13,28.5,3,0.876470764
1184,5,4,3,4.5,3,-1.069902359
1185,9,9,6,13,3,-0.380561878
1186,9,9,7,19.5,3,0.146580843
1187,9,9,9,27.5,3,0.795371884
1188,9,9,8,36,3,1.484712365
1189,9,9,1,40.5,3,1.849657325
1190,8,7,6,13,3,-0.380561878
1191,7,7,7,19.5,3,0.146580843
1192,7,7,9,27.5,3,0.795371884
1193,11,10,2,4,3,-1.110451799
1194,10,6,2,6,3,-0.948254038
1195,6,2,3,8.5,3,-0.745506838
1196,7,7,2,4,3,-1.110451799
1197,7,7,26,18,3,0.024932523
1198,7,3,5,5.5,3,-0.988803478
1199,10,10,9,7.5,3,-0.826605718
1200,14,7,2,7,3,-0.867155158
1201,2,1,1,3.5,3,-1.151001239
1202,5,2,1,3.5,3,-1.151001239
1203,2,1,1,4.5,3,-1.069902359
1204,1,0,1,5.5,3,-0.988803478
1205,5,3,2,4,3,-1.110451799
1206,3,3,1,5.5,3,-0.988803478
1207,3,3,1,6.5,3,-0.907704598
1208,3,3,1,7.5,3,-0.826605718
1209,3,3,1,8.5,3,-0.745506838
1210,3,2,1,9.5,3,-0.664407958
1211,2,2,3,11.5,3,-0.502210198
1212,2,2,4,15,3,-0.218364117
1213,2,2,1,17.5,3,-0.015616917
1214,2,2,2,19,3,0.106031403
1215,2,2,2,21,3,0.268229163
1216,2,2,2,23,3,0.430426924
1217,2,2,4,26,3,0.673723564
1218,2,2,1,28.5,3,0.876470764
1219,2,2,2,30,3,0.998119084
1220,2,2,7,34.5,3,1.363064045
1221,2,2,5,40.5,3,1.849657325
1222,2,2,1,43.5,3,2.092953966
1223,2,2,5,46.5,3,2.336250606
1224,3,1,21,20.5,3,0.227679723
1225,3,3,1,3.5,3,-1.151001239
1226,2,2,1,10.5,3,-0.583309078
1227,9,7,7,6.5,3,-0.907704598
1228,7,7,1,10.5,3,-0.583309078
1229,9,9,3,4.5,3,-1.069902359
1230,9,9,2,7,3,-0.867155158
1231,9,5,8,12,3,-0.461660758
1232,5,2,2,17,3,-0.056166357
1233,5,5,1,3.5,3,-1.151001239
1234,2,1,4,12,3,-0.461660758
1235,14,7,3,4.5,3,-1.069902359
1236,4,4,1,3.5,3,-1.151001239
1237,4,3,1,4.5,3,-1.069902359
1238,7,4,6,13,3,-0.380561878
1239,4,4,1,16.5,3,-0.096715797
1240,4,4,4,19,3,0.106031403
1241,4,4,6,24,3,0.511525804
1242,4,2,5,29.5,3,0.957569644
1243,11,3,10,8,3,-0.786056278
1244,3,1,7,16.5,3,-0.096715797
1245,12,9,1,2.5,3,-1.232100119
1246,9,9,2,4,3,-1.110451799
1247,9,8,1,5.5,3,-0.988803478
1248,8,6,1,6.5,3,-0.907704598
1249,6,5,1,7.5,3,-0.826605718
1250,5,4,1,8.5,3,-0.745506838
1251,4,4,1,9.5,3,-0.664407958
1252,4,4,1,10.5,3,-0.583309078
1253,4,4,3,12.5,3,-0.421111318
1254,4,3,1,14.5,3,-0.258913557
1255,3,3,6,18,3,0.024932523
1256,3,3,2,22,3,0.349328043
1257,3,2,1,23.5,3,0.470976364
1258,2,2,3,25.5,3,0.633174124
1259,2,2,5,29.5,3,0.957569644
1260,7,5,1,3.5,3,-1.151001239
1261,4,4,9,7.5,3,-0.826605718
1262,2,2,19,19.5,3,0.146580843
1263,12,10,1,3.5,3,-1.151001239
1264,10,7,3,5.5,3,-0.988803478
1265,7,4,2,8,3,-0.786056278
1266,4,3,1,9.5,3,-0.664407958
1267,3,1,1,10.5,3,-0.583309078
1268,1,1,2,12,3,-0.461660758
1269,10,9,21,13.5,3,-0.340012438
1270,9,8,4,5,3,-1.029352918
1271,8,8,7,10.5,3,-0.583309078
1272,13,6,21,13.5,3,-0.340012438
1273,6,5,14,31,3,1.079217964
1274,7,5,12,9,3,-0.704957398
1275,8,4,9,14.5,3,-0.258913557
1276,7,7,5,12.5,3,-0.421111318
1277,5,4,1,3.5,3,-1.151001239
1278,10,4,7,6.5,3,-0.907704598
1279,7,4,2,4,3,-1.110451799
1280,4,1,1,5.5,3,-0.988803478
1281,8,5,2,10,3,-0.623858518
1282,15,15,6,20,3,0.187130283
1283,15,6,22,34,3,1.322514605
1284,7,7,14,10,3,-0.623858518
1285,7,7,2,18,3,0.024932523
1286,7,7,6,22,3,0.349328043
1287,7,7,12,31,3,1.079217964
1288,9,8,3,49.5,3,2.579547246
1289,13,7,9,7.5,3,-0.826605718
1290,7,4,12,18,3,0.024932523
1291,12,11,2,4,3,-1.110451799
1292,11,9,2,6,3,-0.948254038
1293,9,7,2,8,3,-0.786056278
1294,7,6,1,9.5,3,-0.664407958
1295,6,3,13,16.5,3,-0.096715797
1296,3,3,5,25.5,3,0.633174124
1297,3,3,14,35,3,1.403613485
1298,3,3,10,47,3,2.376800046
1299,6,5,14,10,3,-0.623858518
1300,10,2,5,5.5,3,-0.988803478
1301,2,2,23,19.5,3,0.146580843
1302,10,8,1,5.5,3,-0.988803478
1303,5,5,7,6.5,3,-0.907704598
1304,9,9,8,7,3,-0.867155158
1305,3,1,7,6.5,3,-0.907704598
1306,4,2,13,9.5,3,-0.664407958
1307,10,10,3,4.5,3,-1.069902359
1308,13,13,2,4,3,-1.110451799
1309,5,5,5,12.5,3,-0.421111318
1310,13,12,18,26,3,0.673723564
1311,6,4,2,4,3,-1.110451799
1312,13,6,1,3.5,3,-1.151001239
1313,12,3,3,5.5,3,-0.988803478
1314,3,2,1,7.5,3,-0.826605718
1315,12,8,4,5,3,-1.029352918
1316,8,8,4,9,3,-0.704957398
1317,8,8,6,14,3,-0.299462997
1318,8,8,3,18.5,3,0.065481963
1319,8,7,5,22.5,3,0.389877483
1320,7,6,5,27.5,3,0.795371884
1321,6,6,8,34,3,1.322514605
1322,6,6,7,41.5,3,1.930756206
1323,6,6,6,48,3,2.457898926
1324,12,10,5,5.5,3,-0.988803478
1325,8,4,28,24,3,0.511525804
1326,6,2,5,5.5,3,-0.988803478
1327,5,2,28,24,3,0.511525804
1328,5,2,3,4.5,3,-1.069902359
1329,2,2,2,7,3,-0.867155158
1330,8,8,1,3.5,3,-1.151001239
1331,8,8,1,4.5,3,-1.069902359
1332,8,8,3,6.5,3,-0.907704598
1333,9,5,3,4.5,3,-1.069902359
1334,5,4,2,7,3,-0.867155158
1335,4,3,1,8.5,3,-0.745506838
1336,3,2,6,12,3,-0.461660758
1337,3,3,2,4,3,-1.110451799
1338,2,2,2,4,3,-1.110451799
1339,2,1,6,8,3,-0.786056278
1340,5,4,2,4,3,-1.110451799
1341,8,8,14,17,3,-0.056166357
1342,5,5,7,6.5,3,-0.907704598
1343,5,4,3,11.5,3,-0.502210198
1344,4,3,15,10.5,3,-0.583309078
1345,3,2,1,18.5,3,0.065481963
1346,2,2,9,23.5,3,0.470976364
1347,3,2,4,5,3,-1.029352918
1348,5,4,1,3.5,3,-1.151001239
1349,4,3,8,8,3,-0.786056278
1350,3,3,14,19,3,0.106031403
1351,3,3,9,30.5,3,1.038668524
1352,2,2,7,13.5,3,-0.340012438
1353,2,2,1,17.5,3,-0.015616917
1354,2,2,3,19.5,3,0.146580843
1355,2,0,1,21.5,3,0.308778603
1356,2,0,9,29.5,3,0.957569644
1357,8,8,4,5,3,-1.029352918
1358,8,4,1,7.5,3,-0.826605718
1359,4,3,1,9.5,3,-0.664407958
1360,3,1,3,11.5,3,-0.502210198
1361,3,1,13,25.5,3,0.633174124
1362,1,1,6,35,3,1.403613485
1363,1,1,17,46.5,3,2.336250606
1364,7,7,12,9,3,-0.704957398
1365,5,2,2,11,3,-0.542759638
1366,2,1,12,18,3,0.024932523
1367,1,1,17,32.5,3,1.200866285
1368,7,6,4,5,3,-1.029352918
1369,9,7,4,5,3,-1.029352918
1370,7,3,10,12,3,-0.461660758
1371,3,3,26,30,3,0.998119084
1372,7,6,5,5.5,3,-0.988803478
1373,4,4,2,11,3,-0.542759638
1374,9,7,4,12,3,-0.461660758
1375,7,7,20,24,3,0.511525804
1376,11,11,3,4.5,3,-1.069902359
1377,16,14,19,12.5,3,-0.421111318
1378,13,13,1,3.5,3,-1.151001239
1379,5,5,2,4,3,-1.110451799
1380,5,5,1,17.5,3,-0.015616917
1381,5,5,2,19,3,0.106031403
1382,5,5,1,20.5,3,0.227679723
1383,5,5,3,22.5,3,0.389877483
1384,5,5,1,24.5,3,0.552075244
1385,5,5,8,29,3,0.917020204
1386,5,5,6,36,3,1.484712365
1387,10,9,3,4.5,3,-1.069902359
1388,9,9,1,6.5,3,-0.907704598
1389,9,8,1,7.5,3,-0.826605718
1390,11,8,4,5,3,-1.029352918
1391,8,8,1,7.5,3,-0.826605718
1392,8,8,1,8.5,3,-0.745506838
1393,8,8,2,10,3,-0.623858518
1394,8,8,3,12.5,3,-0.421111318
1395,8,8,2,15,3,-0.218364117
1396,8,8,1,16.5,3,-0.096715797
1397,8,8,1,17.5,3,-0.015616917
1398,8,7,1,18.5,3,0.065481963
1399,8,8,1,19.5,3,0.146580843
1400,8,8,2,21,3,0.268229163
1401,8,8,1,22.5,3,0.389877483
1402,8,8,1,23.5,3,0.470976364
1403,8,8,1,24.5,3,0.552075244
1404,8,8,1,25.5,3,0.633174124
1405,8,8,1,26.5,3,0.714273004
1406,8,8,1,27.5,3,0.795371884
1407,8,8,1,28.5,3,0.876470764
1408,8,8,1,29.5,3,0.957569644
1409,8,8,1,30.5,3,1.038668524
1410,8,8,1,31.5,3,1.119767404
1411,8,7,5,34.5,3,1.363064045
1412,7,7,1,37.5,3,1.606360685
1413,8,8,2,42,3,1.971305646
1414,8,8,2,44,3,2.133503406
1415,8,8,4,47,3,2.376800046
1416,8,8,1,49.5,3,2.579547246
1417,8,8,5,52.5,3,2.822843887
1418,6,6,1,3.5,3,-1.151001239
1419,6,6,1,4.5,3,-1.069902359
1420,6,6,10,10,3,-0.623858518
1421,4,2,10,8,3,-0.786056278
1422,3,3,3,4.5,3,-1.069902359
1423,3,2,4,8,3,-0.786056278
1424,2,2,1,10.5,3,-0.583309078
1425,13,9,2,4,3,-1.110451799
1426,11,10,9,14.5,3,-0.258913557
1427,10,10,1,19.5,3,0.146580843
1428,10,10,9,24.5,3,0.552075244
1429,10,10,18,19,3,0.106031403
1430,7,7,11,8.5,3,-0.745506838
1431,7,7,1,14.5,3,-0.258913557
1432,7,7,9,19.5,3,0.146580843
1433,11,10,10,15,3,-0.218364117
1434,10,8,4,22,3,0.349328043
1435,8,8,4,26,3,0.673723564
1436,8,7,12,9,3,-0.704957398
1437,3,3,6,20,3,0.187130283
1438,4,2,3,11.5,3,-0.502210198
1439,2,1,5,15.5,3,-0.177814677
1440,5,4,8,7,3,-0.867155158
1441,12,9,3,4.5,3,-1.069902359
1442,9,8,1,6.5,3,-0.907704598
1443,15,10,7,13.5,3,-0.340012438
1444,10,10,4,19,3,0.106031403
1445,10,9,3,22.5,3,0.389877483
1446,9,9,3,25.5,3,0.633174124
1447,9,9,7,30.5,3,1.038668524
1448,9,9,7,37.5,3,1.606360685
1449,9,9,7,44.5,3,2.174052846
1450,9,8,6,51,3,2.701195567
1451,3,0,3,4.5,3,-1.069902359
1452,14,13,13,16.5,3,-0.096715797
1453,13,13,5,25.5,3,0.633174124
1454,3,2,3,11.5,3,-0.502210198
1455,2,1,2,14,3,-0.299462997
1456,5,5,1,3.5,3,-1.151001239
1457,5,2,8,8,3,-0.786056278
1458,2,2,4,14,3,-0.299462997
1459,7,7,3,4.5,3,-1.069902359
1460,7,4,6,9,3,-0.704957398
1461,4,2,14,19,3,0.106031403
1462,2,2,6,29,3,0.917020204
1463,2,2,7,35.5,3,1.444162925
1464,1,1,1,10.5,3,-0.583309078
1465,12,12,1,2.5,3,-1.232100119
1466,7,3,13,9.5,3,-0.664407958
1467,3,3,6,19,3,0.106031403
1468,3,2,4,24,3,0.511525804
1469,4,4,5,34.5,3,1.363064045
1470,6,5,4,8,3,-0.786056278
1471,5,5,7,13.5,3,-0.340012438
1472,3,3,10,15,3,-0.218364117
1473,3,3,8,24,3,0.511525804
1474,6,6,10,29,3,0.917020204
1475,6,6,8,38,3,1.646910125
1476,6,6,13,48.5,3,2.498448366
1477,6,4,1,3.5,3,-1.151001239
1478,4,4,1,4.5,3,-1.069902359
1479,2,2,10,22,3,0.349328043
1480,2,2,8,31,3,1.079217964
1481,11,9,1,24.5,3,0.552075244
1482,9,8,2,11,3,-0.542759638
1483,12,12,2,25,3,0.592624684
1484,12,12,3,27.5,3,0.795371884
1485,12,12,2,30,3,0.998119084
1486,12,12,1,31.5,3,1.119767404
1487,12,10,1,32.5,3,1.200866285
1488,10,10,2,34,3,1.322514605
1489,10,10,3,36.5,3,1.525261805
1490,10,10,3,39.5,3,1.768558445
1491,10,10,3,42.5,3,2.011855086
1492,10,10,2,45,3,2.214602286
1493,10,10,3,47.5,3,2.417349486
1494,10,10,1,49.5,3,2.579547246
1495,8,7,1,1.5,3,-1.313198999
1496,16,15,1,5.5,3,-0.988803478
1497,15,15,1,6.5,3,-0.907704598
1498,15,11,1,7.5,3,-0.826605718
1499,11,10,4,10,3,-0.623858518
1500,10,9,1,12.5,3,-0.421111318
1501,9,9,1,13.5,3,-0.340012438
1502,9,9,1,14.5,3,-0.258913557
1503,9,9,1,15.5,3,-0.177814677
1504,9,9,1,16.5,3,-0.096715797
1505,9,9,1,17.5,3,-0.015616917
1506,9,9,1,18.5,3,0.065481963
1507,9,8,1,19.5,3,0.146580843
1508,8,7,6,23,3,0.430426924
1509,7,7,4,28,3,0.835921324
1510,7,7,1,30.5,3,1.038668524
1511,7,7,1,31.5,3,1.119767404
1512,7,7,2,33,3,1.241415725
1513,7,7,1,34.5,3,1.363064045
1514,7,7,1,35.5,3,1.444162925
1515,7,3,5,5.5,3,-0.988803478
1516,3,3,1,8.5,3,-0.745506838
1517,3,3,1,9.5,3,-0.664407958
1518,10,10,14,24,3,0.511525804
1519,3,3,10,8,3,-0.786056278
1520,3,3,16,21,3,0.268229163
1521,5,5,1,10.5,3,-0.583309078
1522,5,5,2,12,3,-0.461660758
1523,5,5,2,14,3,-0.299462997
1524,5,5,1,15.5,3,-0.177814677
1525,5,5,1,16.5,3,-0.096715797
1526,5,5,3,18.5,3,0.065481963
1527,5,4,1,20.5,3,0.227679723
1528,4,4,1,21.5,3,0.308778603
1529,4,4,2,23,3,0.430426924
1530,4,4,2,25,3,0.592624684
1531,4,3,3,27.5,3,0.795371884
1532,3,1,3,30.5,3,1.038668524
1533,3,3,1,32.5,3,1.200866285
1534,3,3,3,34.5,3,1.363064045
1535,3,3,2,37,3,1.565811245
1536,3,3,1,38.5,3,1.687459565
1537,3,3,1,39.5,3,1.768558445
1538,3,3,5,43.5,3,2.092953966
1539,3,3,1,46.5,3,2.336250606
1540,3,3,1,47.5,3,2.417349486
1541,3,3,2,52,3,2.782294447
1542,9,9,2,4,3,-1.110451799
1543,8,4,1,3.5,3,-1.151001239
1544,7,7,9,7.5,3,-0.826605718
1545,16,4,14,10,3,-0.623858518
1546,4,2,22,14,3,-0.299462997
1547,7,6,3,5.5,3,-0.988803478
1548,7,7,1,3.5,3,-1.151001239
1549,13,1,6,6,3,-0.948254038
1550,11,11,2,11,3,-0.542759638
1551,13,7,2,4,3,-1.110451799
1552,7,6,1,5.5,3,-0.988803478
1553,6,6,1,6.5,3,-0.907704598
1554,6,6,1,7.5,3,-0.826605718
1555,6,4,3,9.5,3,-0.664407958
1556,4,4,2,12,3,-0.461660758
1557,4,3,3,14.5,3,-0.258913557
1558,3,3,1,16.5,3,-0.096715797
1559,3,3,1,17.5,3,-0.015616917
1560,3,3,4,20,3,0.187130283
1561,3,3,6,25,3,0.592624684
1562,3,3,6,31,3,1.079217964
1563,6,5,14,10,3,-0.623858518
1564,4,2,4,12,3,-0.461660758
1565,2,2,2,4,3,-1.110451799
1566,2,2,6,8,3,-0.786056278
1567,2,1,1,11.5,3,-0.502210198
1568,8,6,1,3.5,3,-1.151001239
1569,6,1,3,5.5,3,-0.988803478
1570,10,2,14,17,3,-0.056166357
1571,6,3,26,16,3,-0.137265237
1572,9,2,4,6,3,-0.948254038
1573,2,2,3,9.5,3,-0.664407958
1574,2,2,1,11.5,3,-0.502210198
1575,2,2,6,15,3,-0.218364117
1576,2,2,5,20.5,3,0.227679723
1577,2,2,7,26.5,3,0.714273004
1578,2,2,3,31.5,3,1.119767404
1579,2,2,7,36.5,3,1.525261805
1580,8,4,20,13,3,-0.380561878
1581,10,9,3,4.5,3,-1.069902359
1582,3,3,4,12,3,-0.461660758
1583,9,3,10,29,3,0.917020204
1584,10,4,5,5.5,3,-0.988803478
1585,15,5,2,4,3,-1.110451799
1586,5,0,1,5.5,3,-0.988803478
1587,3,3,3,11.5,3,-0.502210198
1588,2,1,8,17,3,-0.056166357
1589,8,7,6,6,3,-0.948254038
1590,12,11,15,10.5,3,-0.583309078
1591,8,6,14,10,3,-0.623858518
1592,8,8,1,10.5,3,-0.583309078
1593,8,8,1,11.5,3,-0.502210198
1594,8,5,2,13,3,-0.380561878
1595,7,7,1,15.5,3,-0.177814677
1596,7,7,3,17.5,3,-0.015616917
1597,7,7,1,19.5,3,0.146580843
1598,7,7,3,21.5,3,0.308778603
1599,7,7,2,24,3,0.511525804
1600,7,7,3,26.5,3,0.714273004
1601,7,7,3,29.5,3,0.957569644
1602,7,7,1,31.5,3,1.119767404
1603,7,7,3,33.5,3,1.281965165
1604,7,7,2,36,3,1.484712365
1605,7,7,1,37.5,3,1.606360685
1606,7,7,1,38.5,3,1.687459565
1607,7,5,1,39.5,3,1.768558445
1608,7,5,4,43,3,2.052404526
1609,5,3,2,46,3,2.295701166
1610,5,5,5,19.5,3,0.146580843
1611,5,3,26,16,3,-0.137265237
1612,3,3,2,4,3,-1.110451799
1613,3,2,9,9.5,3,-0.664407958
1614,9,8,6,6,3,-0.948254038
1615,8,5,13,15.5,3,-0.177814677
1616,7,3,9,14.5,3,-0.258913557
1617,8,7,2,4,3,-1.110451799
1618,10,1,5,5.5,3,-0.988803478
1619,1,1,8,12,3,-0.461660758
1620,1,0,7,19.5,3,0.146580843
1621,12,10,2,4,3,-1.110451799
1622,10,10,1,5.5,3,-0.988803478
1623,10,7,3,7.5,3,-0.826605718
1624,12,3,22,14,3,-0.299462997
1625,9,9,1,3.5,3,-1.151001239
1626,9,9,1,4.5,3,-1.069902359
1627,9,9,1,5.5,3,-0.988803478
1628,9,9,3,7.5,3,-0.826605718
1629,9,9,2,10,3,-0.623858518
1630,9,9,3,12.5,3,-0.421111318
1631,9,9,1,14.5,3,-0.258913557
1632,9,9,1,15.5,3,-0.177814677
1633,9,9,4,18,3,0.024932523
1634,9,9,6,23,3,0.430426924
1635,9,9,6,29,3,0.917020204
1636,9,9,9,36.5,3,1.525261805
1637,9,8,6,44,3,2.133503406
1638,10,9,1,3.5,3,-1.151001239
1639,9,9,1,4.5,3,-1.069902359
1640,9,9,1,5.5,3,-0.988803478
1641,9,8,3,7.5,3,-0.826605718
1642,8,8,2,10,3,-0.623858518
1643,8,8,3,12.5,3,-0.421111318
1644,8,7,1,14.5,3,-0.258913557
1645,7,7,1,15.5,3,-0.177814677
1646,8,5,6,23,3,0.430426924
1647,5,5,6,29,3,0.917020204
1648,5,5,6,44,3,2.133503406
1649,8,8,1,3.5,3,-1.151001239
1650,5,5,1,3.5,3,-1.151001239
1651,5,1,1,4.5,3,-1.069902359
1652,3,3,2,11,3,-0.542759638
1653,3,3,1,12.5,3,-0.421111318
1654,3,3,5,15.5,3,-0.177814677
1655,3,3,1,18.5,3,0.065481963
1656,3,3,2,20,3,0.187130283
1657,3,3,1,21.5,3,0.308778603
1658,3,3,2,23,3,0.430426924
1659,3,3,4,26,3,0.673723564
1660,3,3,2,29,3,0.917020204
1661,3,2,3,31.5,3,1.119767404
1662,2,2,1,33.5,3,1.281965165
1663,2,2,4,36,3,1.484712365
1664,2,2,1,38.5,3,1.687459565
1665,2,2,4,41,3,1.890206765
1666,2,2,1,43.5,3,2.092953966
1667,2,2,6,47,3,2.376800046
1668,2,2,4,52,3,2.782294447
1669,1,1,1,10.5,3,-0.583309078
1670,1,1,1,11.5,3,-0.502210198
1671,1,1,1,12.5,3,-0.421111318
1672,1,1,1,13.5,3,-0.340012438
1673,1,1,1,14.5,3,-0.258913557
1674,1,1,2,16,3,-0.137265237
1675,1,1,4,19,3,0.106031403
1676,3,1,11,15.5,3,-0.177814677
1677,3,3,14,29,3,0.917020204
1678,3,1,11,15.5,3,-0.177814677
1679,8,7,1,3.5,3,-1.151001239
1680,12,5,5,5.5,3,-0.988803478
1681,5,3,2,9,3,-0.704957398
1682,5,5,9,21.5,3,0.308778603
1683,5,5,2,27,3,0.754822444
1684,5,4,9,32.5,3,1.200866285
1685,4,4,13,43.5,3,2.092953966
1686,5,2,8,7,3,-0.867155158
1687,11,8,8,7,3,-0.867155158
1688,8,5,3,12.5,3,-0.421111318
1689,6,4,4,5,3,-1.029352918
1690,4,4,2,8,3,-0.786056278
1691,4,4,2,10,3,-0.623858518
1692,5,4,14,17,3,-0.056166357
1693,6,6,13,9.5,3,-0.664407958
1694,10,10,1,3.5,3,-1.151001239
1695,6,6,5,5.5,3,-0.988803478
1696,5,4,13,14.5,3,-0.258913557
1697,4,3,4,5,3,-1.029352918
1698,3,3,1,10.5,3,-0.583309078
1699,3,3,1,11.5,3,-0.502210198
1700,8,8,6,6,3,-0.948254038
1701,8,8,15,16.5,3,-0.096715797
1702,12,11,10,15,3,-0.218364117
1703,5,5,7,20.5,3,0.227679723
1704,5,5,7,27.5,3,0.795371884
1705,5,5,11,36.5,3,1.525261805
1706,12,11,1,1.5,3,-1.313198999
1707,11,1,3,3.5,3,-1.151001239
1708,1,0,1,5.5,3,-0.988803478
1709,6,5,7,20.5,3,0.227679723
1710,4,2,4,5,3,-1.029352918
1711,2,1,3,8.5,3,-0.745506838
1712,1,1,1,10.5,3,-0.583309078
1713,1,1,1,11.5,3,-0.502210198
1714,1,0,2,13,3,-0.380561878
1715,6,6,9,7.5,3,-0.826605718
1716,6,6,10,17,3,-0.056166357
1717,4,4,1,24.5,3,0.552075244
1718,4,4,1,25.5,3,0.633174124
1719,4,4,3,27.5,3,0.795371884
1720,4,3,3,30.5,3,1.038668524
1721,3,3,5,34.5,3,1.363064045
1722,3,3,2,38,3,1.646910125
1723,3,3,1,39.5,3,1.768558445
1724,3,3,1,40.5,3,1.849657325
1725,3,3,1,41.5,3,1.930756206
1726,3,3,8,46,3,2.295701166
1727,3,3,2,51,3,2.701195567
1728,5,2,11,29.5,3,0.957569644
1729,4,4,2,4,3,-1.110451799
1730,6,3,8,7,3,-0.867155158
1731,1,1,5,12.5,3,-0.421111318
1732,5,5,22,14,3,-0.299462997
1733,8,5,10,8,3,-0.786056278
1734,12,1,9,7.5,3,-0.826605718
1735,8,8,2,18,3,0.024932523
1736,8,8,9,23.5,3,0.470976364
1737,8,8,26,41,3,1.890206765
1738,11,11,8,7,3,-0.867155158
1739,11,11,9,15.5,3,-0.177814677
1740,8,4,4,5,3,-1.029352918
1741,5,5,6,20,3,0.187130283
1742,5,4,10,28,3,0.835921324
1743,4,3,7,36.5,3,1.525261805
1744,3,2,15,47.5,3,2.417349486
1745,7,4,26,16,3,-0.137265237
1746,11,5,29,17.5,3,-0.015616917
1747,7,5,7,6.5,3,-0.907704598
1748,5,3,11,15.5,3,-0.177814677
1749,3,2,7,24.5,3,0.552075244
1750,12,6,7,6.5,3,-0.907704598
1751,6,3,3,11.5,3,-0.502210198
1752,3,2,1,13.5,3,-0.340012438
1753,10,8,2,4,3,-1.110451799
1754,8,5,4,7,3,-0.867155158
1755,5,5,2,10,3,-0.623858518
1756,5,5,2,12,3,-0.461660758
1757,5,5,8,17,3,-0.056166357
1758,5,4,1,21.5,3,0.308778603
1759,4,4,4,24,3,0.511525804
1760,4,3,9,30.5,3,1.038668524
1761,3,3,7,38.5,3,1.687459565
1762,8,1,24,15,3,-0.218364117
1763,9,9,23,14.5,3,-0.258913557
1764,2,0,6,13,3,-0.380561878
1765,14,3,2,4,3,-1.110451799
1766,3,2,4,7,3,-0.867155158
1767,2,1,2,10,3,-0.623858518
1768,1,1,1,11.5,3,-0.502210198
1769,7,5,4,19,3,0.106031403
1770,5,4,3,22.5,3,0.389877483
1771,5,1,3,4.5,3,-1.069902359
1772,10,0,8,7,3,-0.867155158
1773,2,2,1,10.5,3,-0.583309078
1774,2,2,1,11.5,3,-0.502210198
1775,2,1,2,13,3,-0.380561878
1776,1,1,2,11,3,-0.542759638
1777,1,1,2,13,3,-0.380561878
1778,1,1,3,15.5,3,-0.177814677
1779,1,1,4,19,3,0.106031403
1780,1,1,1,21.5,3,0.308778603
1781,1,1,1,22.5,3,0.389877483
1782,5,1,6,6,3,-0.948254038
1783,1,1,3,10.5,3,-0.583309078
1784,1,1,3,13.5,3,-0.340012438
1785,1,1,4,17,3,-0.056166357
1786,1,1,6,22,3,0.349328043
1787,8,1,6,6,3,-0.948254038
1788,1,1,10,14,3,-0.299462997
1789,1,1,6,22,3,0.349328043
1790,1,1,5,27.5,3,0.795371884
1791,1,1,7,33.5,3,1.281965165
1792,1,1,18,46,3,2.295701166
1793,4,3,3,32.5,3,1.200866285
1794,3,2,14,41,3,1.890206765
1795,5,4,7,20.5,3,0.227679723
1796,4,2,10,29,3,0.917020204
1797,2,2,8,38,3,1.646910125
1798,2,2,11,47.5,3,2.417349486
1799,2,2,3,4.5,3,-1.069902359
1800,3,2,10,15,3,-0.218364117
1801,3,2,8,24,3,0.511525804
1802,1,1,7,20.5,3,0.227679723
1803,1,1,5,26.5,3,0.714273004
1804,1,1,13,35.5,3,1.444162925
1805,5,3,6,6,3,-0.948254038
1806,8,2,21,13.5,3,-0.340012438
1807,1,1,7,6.5,3,-0.907704598
1808,5,1,8,7,3,-0.867155158
1809,12,10,2,11,3,-0.542759638
1810,10,9,9,16.5,3,-0.096715797
1811,9,9,12,27,3,0.754822444
1812,3,1,7,13.5,3,-0.340012438
1813,3,3,7,6.5,3,-0.907704598
1814,9,9,2,4,3,-1.110451799
1815,9,3,11,10.5,3,-0.583309078
1816,3,2,5,18.5,3,0.065481963
1817,5,5,5,12.5,3,-0.421111318
1818,5,4,9,19.5,3,0.146580843
1819,2,2,13,9.5,3,-0.664407958
1820,10,2,15,10.5,3,-0.583309078
1821,7,7,8,7,3,-0.867155158
1822,7,7,13,9.5,3,-0.664407958
1823,8,6,5,5.5,3,-0.988803478
1824,10,9,27,30.5,3,1.038668524
1825,8,2,6,6,3,-0.948254038
1826,1,1,1,3.5,3,-1.151001239
1827,3,2,2,11,3,-0.542759638
1828,9,7,9,28.5,3,0.876470764
1829,3,3,1,17.5,3,-0.015616917
1830,11,10,15,10.5,3,-0.583309078
1831,7,6,1,24.5,3,0.552075244
1832,6,6,3,26.5,3,0.714273004
1833,6,6,2,29,3,0.917020204
1834,8,4,2,4,3,-1.110451799
1835,4,3,5,7.5,3,-0.826605718
1836,3,2,12,16,3,-0.137265237
1837,7,2,9,7.5,3,-0.826605718
1838,9,8,6,6,3,-0.948254038
1839,8,6,17,17.5,3,-0.015616917
1840,6,6,8,30,3,0.998119084
1841,8,6,2,4,3,-1.110451799
1842,3,2,5,26.5,3,0.714273004
1843,4,3,7,27.5,3,0.795371884
1844,4,1,23,35.5,3,1.444162925
1845,2,2,13,9.5,3,-0.664407958
1846,10,6,2,4,3,-1.110451799
1847,15,14,1,3.5,3,-1.151001239
1848,5,5,8,35,3,1.403613485
1849,8,1,7,6.5,3,-0.907704598
1850,4,4,3,30.5,3,1.038668524
1851,4,4,3,33.5,3,1.281965165
1852,4,4,2,36,3,1.484712365
1853,4,4,15,44.5,3,2.174052846
1854,9,8,14,17,3,-0.056166357
1855,8,6,7,27.5,3,0.795371884
1856,7,5,1,3.5,3,-1.151001239
1857,9,7,2,4,3,-1.110451799
1858,7,6,8,9,3,-0.704957398
1859,10,10,3,4.5,3,-1.069902359
1860,6,5,26,30,3,0.998119084
1861,5,3,7,13.5,3,-0.340012438
1862,2,2,3,4.5,3,-1.069902359
1863,2,1,23,17.5,3,-0.015616917
1864,1,1,8,14,3,-0.299462997
1865,2,2,8,21,3,0.268229163
1866,4,4,8,21,3,0.268229163
1867,4,3,3,18.5,3,0.065481963
1868,6,5,2,18,3,0.024932523
1869,5,5,2,20,3,0.187130283
1870,4,4,1,10.5,3,-0.583309078
1871,3,3,6,13,3,-0.380561878
1872,3,3,8,20,3,0.187130283
1873,3,3,6,27,3,0.754822444
1874,3,2,22,41,3,1.890206765
1875,7,6,1,3.5,3,-1.151001239
1876,4,4,21,27.5,3,0.795371884
1877,6,4,3,4.5,3,-1.069902359
1878,11,3,7,6.5,3,-0.907704598
1879,14,5,29,17.5,3,-0.015616917
1880,2,2,13,9.5,3,-0.664407958
1881,8,8,9,7.5,3,-0.826605718
1882,8,7,2,13,3,-0.380561878
1883,7,4,4,16,3,-0.137265237
1884,10,8,3,4.5,3,-1.069902359
1885,8,8,1,6.5,3,-0.907704598
1886,8,7,1,7.5,3,-0.826605718
1887,7,6,4,10,3,-0.623858518
1888,6,6,6,15,3,-0.218364117
1889,6,6,6,21,3,0.268229163
1890,3,3,1,3.5,3,-1.151001239
1891,3,3,4,6,3,-0.948254038
1892,3,3,2,9,3,-0.704957398
1893,7,3,24,22,3,0.349328043
1894,7,6,4,12,3,-0.461660758
1895,6,6,2,15,3,-0.218364117
1896,2,2,1,3.5,3,-1.151001239
1897,2,1,2,5,3,-1.029352918
1898,3,2,5,12.5,3,-0.421111318
1899,7,5,5,12.5,3,-0.421111318
1900,5,5,26,28,3,0.835921324
1901,2,2,8,14,3,-0.299462997
1902,3,2,4,5,3,-1.029352918
1903,10,10,11,15.5,3,-0.177814677
1904,10,7,12,27,3,0.754822444
1905,7,7,7,36.5,3,1.525261805
1906,10,4,3,4.5,3,-1.069902359
1907,6,6,6,20,3,0.187130283
1908,3,3,1,10.5,3,-0.583309078
1909,2,2,1,38.5,3,1.687459565
1910,2,2,1,39.5,3,1.768558445
1911,2,2,1,40.5,3,1.849657325
1912,2,2,2,42,3,1.971305646
1913,2,2,2,44,3,2.133503406
1914,2,2,3,46.5,3,2.336250606
1915,2,2,1,48.5,3,2.498448366
1916,2,2,3,50.5,3,2.660646127
1917,4,4,1,10.5,3,-0.583309078
1918,7,1,3,18.5,3,0.065481963
1919,1,1,15,27.5,3,0.795371884
1920,13,2,15,10.5,3,-0.583309078
1921,2,1,11,23.5,3,0.470976364
1922,12,1,28,17,3,-0.056166357
1923,7,5,3,4.5,3,-1.069902359
1924,5,4,3,7.5,3,-0.826605718
1925,4,4,4,11,3,-0.542759638
1926,4,3,7,16.5,3,-0.096715797
1927,3,3,8,24,3,0.511525804
1928,3,3,25,40.5,3,1.849657325
1929,2,2,7,6.5,3,-0.907704598
1930,9,1,3,4.5,3,-1.069902359
1931,1,0,1,6.5,3,-0.907704598
1932,15,12,27,16.5,3,-0.096715797
1933,12,10,3,31.5,3,1.119767404
1934,10,9,11,38.5,3,1.687459565
1935,9,9,9,48.5,3,2.498448366
1936,2,1,6,6,3,-0.948254038
1937,1,1,8,13,3,-0.380561878
1938,9,4,9,7.5,3,-0.826605718
1939,7,2,6,13,3,-0.380561878
1940,2,2,4,18,3,0.024932523
1941,2,2,4,22,3,0.349328043
1942,2,2,2,25,3,0.592624684
1943,2,2,5,28.5,3,0.876470764
1944,4,4,6,23,3,0.430426924
1945,4,4,12,32,3,1.160316845
1946,6,4,21,13.5,3,-0.340012438
1947,4,2,25,36.5,3,1.525261805
1948,5,1,22,21,3,0.268229163
1949,8,8,2,4,3,-1.110451799
1950,8,5,20,15,3,-0.218364117
1951,11,7,13,9.5,3,-0.664407958
1952,6,6,30,39,3,1.728009005
1953,7,7,4,12,3,-0.461660758
1954,7,6,4,16,3,-0.137265237
1955,6,6,4,20,3,0.187130283
1956,6,6,8,26,3,0.673723564
1957,6,6,13,36.5,3,1.525261805
1958,3,2,6,6,3,-0.948254038
1959,6,4,13,23.5,3,0.470976364
1960,8,6,17,25.5,3,0.633174124
1961,7,7,1,10.5,3,-0.583309078
1962,7,3,13,17.5,3,-0.015616917
1963,3,3,5,26.5,3,0.714273004
1964,4,4,1,3.5,3,-1.151001239
1965,8,6,8,28,3,0.835921324
1966,6,6,3,33.5,3,1.281965165
1967,6,6,19,44.5,3,2.174052846
1968,4,2,5,19.5,3,0.146580843
1969,11,8,3,4.5,3,-1.069902359
1970,8,7,7,9.5,3,-0.664407958
1971,7,5,7,16.5,3,-0.096715797
1972,5,2,14,27,3,0.754822444
1973,5,5,7,13.5,3,-0.340012438
1974,7,7,5,26.5,3,0.714273004
1975,2,1,1,11.5,3,-0.502210198
1976,1,1,2,13,3,-0.380561878
1977,1,1,6,17,3,-0.056166357
1978,1,1,6,23,3,0.430426924
1979,1,1,2,27,3,0.754822444
1980,1,1,6,31,3,1.079217964
1981,1,1,6,37,3,1.565811245
1982,8,6,1,3.5,3,-1.151001239
1983,6,3,2,5,3,-1.029352918
1984,5,5,22,28,3,0.835921324
1985,4,3,9,21.5,3,0.308778603
1986,4,4,4,26,3,0.673723564
1987,4,4,1,28.5,3,0.876470764
1988,8,5,2,11,3,-0.542759638
1989,7,2,7,13.5,3,-0.340012438
1990,2,1,4,19,3,0.106031403
1991,1,1,4,23,3,0.430426924
1992,2,2,4,37,3,1.565811245
1993,2,2,4,41,3,1.890206765
1994,2,2,7,46.5,3,2.336250606
1995,3,3,2,32,3,1.160316845
1996,6,6,5,33.5,3,1.281965165
1997,6,6,4,38,3,1.646910125
1998,6,6,3,41.5,3,1.930756206
1999,6,6,11,48.5,3,2.498448366
2000,9,9,2,18,3,0.024932523
2001,9,9,16,27,3,0.754822444
2002,2,2,23,14.5,3,-0.258913557
2003,3,3,2,18,3,0.024932523
2004,3,3,29,33.5,3,1.281965165
2005,6,6,2,25,3,0.592624684
2006,4,4,8,28,3,0.835921324
2007,2,2,3,18.5,3,0.065481963
2008,4,4,5,5.5,3,-0.988803478
2009,9,3,5,5.5,3,-0.988803478
2010,3,3,2,9,3,-0.704957398
2011,3,2,5,12.5,3,-0.421111318
2012,2,2,5,5.5,3,-0.988803478
2013,2,2,1,8.5,3,-0.745506838
2014,5,5,1,3.5,3,-1.151001239
2015,5,3,9,8.5,3,-0.745506838
2016,3,3,9,17.5,3,-0.015616917
2017,3,3,6,25,3,0.592624684
2018,3,3,2,29,3,0.917020204
2019,6,5,6,13,3,-0.380561878
2020,5,4,1,16.5,3,-0.096715797
2021,4,4,6,20,3,0.187130283
2022,4,4,7,26.5,3,0.714273004
2023,2,1,4,19,3,0.106031403
2024,2,2,4,33,3,1.241415725
2025,2,2,1,35.5,3,1.444162925
2026,2,2,1,36.5,3,1.525261805
2027,2,2,1,37.5,3,1.606360685
2028,2,2,14,45,3,2.214602286
2029,3,3,5,19.5,3,0.146580843
2030,7,5,18,12,3,-0.461660758
2031,7,6,8,21,3,0.268229163
2032,6,6,12,16,3,-0.137265237
2033,6,6,10,29,3,0.917020204
2034,3,3,4,40,3,1.809107885
2035,3,3,10,47,3,2.376800046
2036,3,3,2,53,3,2.863393327
2037,3,3,1,54.5,3,2.985041647
2038,10,8,5,5.5,3,-0.988803478
2039,8,4,8,12,3,-0.461660758
2040,4,4,4,18,3,0.024932523
2041,4,4,4,22,3,0.349328043
2042,4,4,11,29.5,3,0.957569644
2043,4,4,5,37.5,3,1.606360685
2044,3,3,1,17.5,3,-0.015616917
2045,7,7,20,13,3,-0.380561878
2046,14,14,2,25,3,0.592624684
2047,5,5,13,9.5,3,-0.664407958
2048,4,4,6,27,3,0.754822444
2049,4,3,2,31,3,1.079217964
2050,5,4,20,20,3,0.187130283
2051,4,2,22,41,3,1.890206765
2052,4,3,20,13,3,-0.380561878
2053,7,5,28,17,3,-0.056166357
2054,10,8,4,5,3,-1.029352918
2055,6,6,12,37,3,1.565811245
2056,5,4,12,16,3,-0.137265237
2057,4,3,13,28.5,3,0.876470764
2058,6,6,2,4,3,-1.110451799
2059,6,5,4,7,3,-0.867155158
2060,5,1,13,15.5,3,-0.177814677
2061,4,4,13,16.5,3,-0.096715797
2062,4,4,7,26.5,3,0.714273004
2063,4,4,5,32.5,3,1.200866285
2064,4,4,2,36,3,1.484712365
2065,8,7,10,8,3,-0.786056278
2066,7,7,3,14.5,3,-0.258913557
2067,7,7,7,19.5,3,0.146580843
2068,7,6,5,25.5,3,0.633174124
2069,5,5,5,12.5,3,-0.421111318
2070,10,10,2,11,3,-0.542759638
2071,10,10,1,12.5,3,-0.421111318
2072,10,10,6,16,3,-0.137265237
2073,10,9,2,20,3,0.187130283
2074,9,9,3,22.5,3,0.389877483
2075,9,9,3,25.5,3,0.633174124
2076,9,9,6,30,3,0.998119084
2077,7,6,1,3.5,3,-1.151001239
2078,6,5,1,4.5,3,-1.069902359
2079,5,5,1,6.5,3,-0.907704598
2080,5,5,1,7.5,3,-0.826605718
2081,5,4,1,8.5,3,-0.745506838
2082,4,4,2,10,3,-0.623858518
2083,4,4,2,12,3,-0.461660758
2084,4,4,1,13.5,3,-0.340012438
2085,4,4,3,15.5,3,-0.177814677
2086,4,4,1,17.5,3,-0.015616917
2087,4,4,2,19,3,0.106031403
2088,4,4,1,20.5,3,0.227679723
2089,4,4,4,23,3,0.430426924
2090,4,4,2,26,3,0.673723564
2091,4,4,1,27.5,3,0.795371884
2092,4,4,2,29,3,0.917020204
2093,4,4,1,30.5,3,1.038668524
2094,4,4,2,32,3,1.160316845
2095,3,3,1,24.5,3,0.552075244
2096,9,7,11,22.5,3,0.389877483
2097,7,7,10,15,3,-0.218364117
2098,7,7,10,25,3,0.592624684
2099,7,7,3,31.5,3,1.119767404
2100,5,5,11,22.5,3,0.389877483
2101,3,3,1,10.5,3,-0.583309078
2102,3,3,1,11.5,3,-0.502210198
2103,3,3,1,12.5,3,-0.421111318
2104,3,3,1,13.5,3,-0.340012438
2105,3,3,2,15,3,-0.218364117
2106,3,3,1,16.5,3,-0.096715797
2107,3,3,1,17.5,3,-0.015616917
2108,3,3,1,18.5,3,0.065481963
2109,3,3,1,19.5,3,0.146580843
2110,3,3,1,20.5,3,0.227679723
2111,3,3,2,22,3,0.349328043
2112,3,3,3,24.5,3,0.552075244
2113,3,3,1,26.5,3,0.714273004
2114,3,3,2,28,3,0.835921324
2115,3,3,4,31,3,1.079217964
2116,3,3,1,33.5,3,1.281965165
2117,3,3,2,35,3,1.403613485
2118,3,3,1,36.5,3,1.525261805
2119,3,2,3,38.5,3,1.687459565
2120,6,6,1,17.5,3,-0.015616917
2121,9,6,4,5,3,-1.029352918
2122,2,1,4,5,3,-1.029352918
2123,8,7,14,10,3,-0.623858518
2124,5,5,1,17.5,3,-0.015616917
2125,5,4,6,21,3,0.268229163
2126,9,8,1,3.5,3,-1.151001239
2127,8,5,3,5.5,3,-0.988803478
2128,5,0,9,11.5,3,-0.502210198
2129,12,10,6,13,3,-0.380561878
2130,10,4,1,16.5,3,-0.096715797
2131,2,1,7,13.5,3,-0.340012438
2132,2,1,9,21.5,3,0.308778603
2133,3,3,8,15,3,-0.218364117
2134,12,7,3,4.5,3,-1.069902359
2135,7,6,1,6.5,3,-0.907704598
2136,6,1,3,8.5,3,-0.745506838
2137,4,2,6,8,3,-0.786056278
2138,2,2,1,11.5,3,-0.502210198
2139,2,0,5,14.5,3,-0.258913557
2140,2,1,15,10.5,3,-0.583309078
2141,6,4,4,5,3,-1.029352918
2142,4,2,8,7,3,-0.867155158
2143,8,3,9,14.5,3,-0.258913557
2144,3,3,3,20.5,3,0.227679723
2145,3,2,9,26.5,3,0.714273004
2146,2,1,4,33,3,1.241415725
2147,7,3,9,14.5,3,-0.258913557
2148,1,1,3,32.5,3,1.200866285
2149,13,13,1,17.5,3,-0.015616917
2150,13,13,3,19.5,3,0.146580843
2151,13,13,1,21.5,3,0.308778603
2152,13,13,6,25,3,0.592624684
2153,5,5,7,27.5,3,0.795371884
2154,6,6,5,40.5,3,1.849657325
2155,8,6,21,20.5,3,0.227679723
2156,3,2,4,26,3,0.673723564
2157,2,2,4,30,3,0.998119084
2158,2,2,2,33,3,1.241415725
2159,2,2,3,35.5,3,1.444162925
2160,2,2,3,38.5,3,1.687459565
2161,2,2,6,43,3,2.052404526
2162,2,2,2,11,3,-0.542759638
2163,3,1,27,30.5,3,1.038668524
2164,12,12,1,3.5,3,-1.151001239
2165,12,7,3,5.5,3,-0.988803478
2166,7,2,4,9,3,-0.704957398
2167,6,3,12,16,3,-0.137265237
2168,1,1,6,41,3,1.890206765
2169,2,2,4,12,3,-0.461660758
2170,1,1,1,3.5,3,-1.151001239
2171,9,5,11,15.5,3,-0.177814677
2172,6,5,1,3.5,3,-1.151001239
2173,5,4,3,5.5,3,-0.988803478
2174,2,2,7,27.5,3,0.795371884
2175,2,2,7,20.5,3,0.227679723
2176,7,7,4,5,3,-1.029352918
2177,7,5,2,8,3,-0.786056278
2178,5,5,2,10,3,-0.623858518
2179,5,5,7,14.5,3,-0.258913557
2180,5,5,4,20,3,0.187130283
2181,5,5,2,23,3,0.430426924
2182,5,5,6,27,3,0.754822444
2183,5,5,9,34.5,3,1.363064045
2184,8,8,1,24.5,3,0.552075244
2185,3,3,13,24.5,3,0.552075244
2186,3,3,2,32,3,1.160316845
2187,10,5,13,9.5,3,-0.664407958
2188,4,3,1,17.5,3,-0.015616917
2189,2,2,17,25.5,3,0.633174124
2190,6,4,10,15,3,-0.218364117
2191,4,3,3,21.5,3,0.308778603
2192,4,3,11,15.5,3,-0.177814677
2193,3,3,6,6,3,-0.948254038
2194,3,2,4,11,3,-0.542759638
2195,2,2,2,14,3,-0.299462997
2196,2,2,1,15.5,3,-0.177814677
2197,2,2,1,16.5,3,-0.096715797
2198,3,1,2,37,3,1.565811245
2199,3,1,4,40,3,1.809107885
2200,3,3,7,46.5,3,2.336250606
2201,8,7,1,3.5,3,-1.151001239
2202,4,3,6,6,3,-0.948254038
2203,4,4,5,40.5,3,1.849657325
2204,4,4,5,45.5,3,2.255151726
2205,4,4,7,51.5,3,2.741745007
2206,4,4,2,25,3,0.592624684
2207,4,4,1,3.5,3,-1.151001239
2208,4,4,1,4.5,3,-1.069902359
2209,10,10,10,43,3,2.052404526
2210,10,7,6,51,3,2.701195567
2211,3,3,3,11.5,3,-0.502210198
2212,6,2,21,20.5,3,0.227679723
2213,11,7,8,7,3,-0.867155158
2214,11,9,11,15.5,3,-0.177814677
2215,9,6,10,26,3,0.673723564
2216,6,4,8,35,3,1.403613485
2217,3,3,1,10.5,3,-0.583309078
2218,9,5,4,5,3,-1.029352918
2219,5,4,1,7.5,3,-0.826605718
2220,4,3,2,9,3,-0.704957398
2221,10,9,1,3.5,3,-1.151001239
2222,3,2,21,41.5,3,1.930756206
2223,8,6,7,6.5,3,-0.907704598
2224,6,2,14,17,3,-0.056166357
2225,2,2,28,38,3,1.646910125
2226,5,5,6,34,3,1.322514605
2227,6,6,13,37.5,3,1.606360685
2228,8,7,2,4,3,-1.110451799
2229,7,4,2,6,3,-0.948254038
2230,4,1,9,11.5,3,-0.502210198
2231,6,6,5,12.5,3,-0.421111318
2232,6,6,3,16.5,3,-0.096715797
2233,6,6,5,20.5,3,0.227679723
2234,6,6,9,27.5,3,0.795371884
2235,3,2,11,15.5,3,-0.177814677
2236,2,2,10,26,3,0.673723564
2237,4,4,6,13,3,-0.380561878
2238,4,3,22,27,3,0.754822444
2239,10,9,3,11.5,3,-0.502210198
2240,9,8,3,14.5,3,-0.258913557
2241,6,3,4,5,3,-1.029352918
2242,3,3,5,9.5,3,-0.664407958
2243,3,1,12,18,3,0.024932523
2244,10,8,4,5,3,-1.029352918
2245,8,7,5,9.5,3,-0.664407958
2246,7,6,12,18,3,0.024932523
2247,6,6,14,31,3,1.079217964
2248,6,6,9,42.5,3,2.011855086
2249,10,4,6,6,3,-0.948254038
2250,10,7,11,8.5,3,-0.745506838
2251,8,7,15,17.5,3,-0.015616917
2252,10,9,15,24.5,3,0.552075244
2253,3,2,1,3.5,3,-1.151001239
2254,5,5,6,20,3,0.187130283
2255,4,4,5,26.5,3,0.714273004
2256,6,5,1,3.5,3,-1.151001239
2257,8,8,1,3.5,3,-1.151001239
2258,8,8,1,4.5,3,-1.069902359
2259,4,4,12,23,3,0.430426924
2260,3,3,2,18,3,0.024932523
2261,3,3,24,31,3,1.079217964
2262,8,5,2,4,3,-1.110451799
2263,5,4,1,5.5,3,-0.988803478
2264,4,1,10,11,3,-0.542759638
2265,1,1,6,19,3,0.106031403
2266,1,1,14,29,3,0.917020204
2267,1,1,8,40,3,1.809107885
2268,8,7,4,26,3,0.673723564
2269,7,4,5,30.5,3,1.038668524
2270,8,8,10,40,3,1.809107885
2271,2,1,10,15,3,-0.218364117
2272,8,8,1,3.5,3,-1.151001239
2273,8,7,2,5,3,-1.029352918
2274,7,7,1,6.5,3,-0.907704598
2275,7,7,7,10.5,3,-0.583309078
2276,7,7,1,14.5,3,-0.258913557
2277,7,7,5,17.5,3,-0.015616917
2278,7,7,12,26,3,0.673723564
2279,7,7,8,36,3,1.484712365
2280,3,2,1,3.5,3,-1.151001239
2281,13,13,1,3.5,3,-1.151001239
2282,7,6,6,27,3,0.754822444
2283,2,2,2,4,3,-1.110451799
2284,6,6,1,3.5,3,-1.151001239
2285,6,4,1,4.5,3,-1.069902359
2286,4,2,2,6,3,-0.948254038
2287,2,2,2,8,3,-0.786056278
2288,2,1,2,10,3,-0.623858518
2289,1,1,1,11.5,3,-0.502210198
2290,1,1,4,14,3,-0.299462997
2291,1,1,1,16.5,3,-0.096715797
2292,1,1,5,19.5,3,0.146580843
2293,1,1,5,24.5,3,0.552075244
2294,1,1,2,28,3,0.835921324
2295,5,1,2,33,3,1.241415725
2296,5,1,4,36,3,1.484712365
2297,4,4,1,40.5,3,1.849657325
2298,4,4,6,50,3,2.620096686
2299,4,3,1,53.5,3,2.903942767
2300,3,3,1,54.5,3,2.985041647
2301,5,4,3,4.5,3,-1.069902359
2302,3,3,4,40,3,1.809107885
2303,1,1,1,17.5,3,-0.015616917
2304,1,1,7,21.5,3,0.308778603
2305,1,1,1,25.5,3,0.633174124
2306,11,11,3,18.5,3,0.065481963
2307,10,7,1,3.5,3,-1.151001239
2308,7,2,3,5.5,3,-0.988803478
2309,2,2,2,8,3,-0.786056278
2310,2,2,2,10,3,-0.623858518
2311,6,4,1,3.5,3,-1.151001239
2312,5,5,1,3.5,3,-1.151001239
2313,1,1,2,32,3,1.160316845
2314,1,1,4,35,3,1.403613485
2315,1,1,7,40.5,3,1.849657325
2316,1,1,6,47,3,2.376800046
2317,8,7,2,4,3,-1.110451799
2318,10,6,1,3.5,3,-1.151001239
2319,2,2,22,28,3,0.835921324
2320,6,6,1,24.5,3,0.552075244
2321,6,6,2,26,3,0.673723564
2322,6,6,3,28.5,3,0.876470764
2323,6,6,1,30.5,3,1.038668524
2324,6,6,4,33,3,1.241415725
2325,6,3,6,38,3,1.646910125
2326,10,10,2,4,3,-1.110451799
2327,6,6,2,18,3,0.024932523
2328,7,6,1,3.5,3,-1.151001239
2329,6,6,1,4.5,3,-1.069902359
2330,6,5,1,5.5,3,-0.988803478
2331,5,4,1,6.5,3,-0.907704598
2332,4,2,1,7.5,3,-0.826605718
2333,2,2,3,9.5,3,-0.664407958
2334,2,2,3,12.5,3,-0.421111318
2335,2,2,2,15,3,-0.218364117
2336,2,1,2,17,3,-0.056166357
2337,1,1,7,21.5,3,0.308778603
2338,1,1,21,35.5,3,1.444162925
2339,7,6,4,5,3,-1.029352918
2340,4,1,7,13.5,3,-0.340012438
2341,2,2,7,20.5,3,0.227679723
2342,3,1,7,6.5,3,-0.907704598
2343,4,2,17,25.5,3,0.633174124
2344,10,2,5,5.5,3,-0.988803478
2345,2,1,6,11,3,-0.542759638
2346,5,1,1,10.5,3,-0.583309078
2347,1,0,1,11.5,3,-0.502210198
2348,11,8,2,4,3,-1.110451799
2349,8,4,4,7,3,-0.867155158
2350,4,4,6,12,3,-0.461660758
2351,7,5,2,4,3,-1.110451799
2352,5,3,5,5.5,3,-0.988803478
2353,5,5,3,18.5,3,0.065481963
2354,14,14,1,3.5,3,-1.151001239
2355,14,2,2,5,3,-1.029352918
2356,10,6,8,7,3,-0.867155158
2357,6,5,20,20,3,0.187130283
2358,11,11,1,3.5,3,-1.151001239
2359,11,5,3,5.5,3,-0.988803478
2360,9,9,14,45,3,2.214602286
2361,3,3,3,18.5,3,0.065481963
2362,7,3,14,10,3,-0.623858518
2363,6,6,1,3.5,3,-1.151001239
2364,10,2,3,4.5,3,-1.069902359
2365,2,2,1,6.5,3,-0.907704598
2366,4,3,17,18.5,3,0.065481963
2367,6,6,1,31.5,3,1.119767404
2368,6,6,2,33,3,1.241415725
2369,6,6,1,34.5,3,1.363064045
2370,2,2,13,37.5,3,1.606360685
2371,5,3,5,12.5,3,-0.421111318
2372,3,2,8,19,3,0.106031403
2373,2,2,8,27,3,0.754822444
2374,2,1,15,38.5,3,1.687459565
2375,4,4,5,26.5,3,0.714273004
2376,5,2,1,3.5,3,-1.151001239
2377,2,1,2,5,3,-1.029352918
2378,12,11,1,3.5,3,-1.151001239
2379,5,1,4,5,3,-1.029352918
2380,3,3,2,4,3,-1.110451799
2381,14,8,8,7,3,-0.867155158
2382,8,8,7,14.5,3,-0.258913557
2383,8,8,7,21.5,3,0.308778603
2384,1,1,2,11,3,-0.542759638
2385,9,4,18,12,3,-0.461660758
2386,4,3,9,25.5,3,0.633174124
2387,8,6,1,3.5,3,-1.151001239
2388,2,2,10,15,3,-0.218364117
2389,2,2,16,28,3,0.835921324
2390,4,3,17,25.5,3,0.633174124
2391,8,7,2,4,3,-1.110451799
2392,7,5,2,6,3,-0.948254038
2393,5,3,23,18.5,3,0.065481963
2394,7,1,20,13,3,-0.380561878
2395,8,8,11,22.5,3,0.389877483
2396,11,6,6,6,3,-0.948254038
2397,6,4,16,17,3,-0.056166357
2398,4,4,5,27.5,3,0.795371884
2399,4,4,11,35.5,3,1.444162925
2400,4,4,9,45.5,3,2.255151726
2401,10,8,2,4,3,-1.110451799
2402,8,5,2,6,3,-0.948254038
2403,5,2,4,9,3,-0.704957398
2404,10,9,2,4,3,-1.110451799
2405,4,3,10,8,3,-0.786056278
2406,3,2,9,14.5,3,-0.258913557
2407,2,2,6,22,3,0.349328043
2408,4,3,13,16.5,3,-0.096715797
2409,3,3,7,26.5,3,0.714273004
2410,3,3,11,22.5,3,0.389877483
2411,3,3,1,10.5,3,-0.583309078
2412,3,3,2,12,3,-0.461660758
2413,3,3,2,14,3,-0.299462997
2414,3,3,2,16,3,-0.137265237
2415,3,2,5,19.5,3,0.146580843
2416,2,1,1,22.5,3,0.389877483
2417,1,1,10,28,3,0.835921324
2418,1,1,8,37,3,1.565811245
2419,6,6,4,12,3,-0.461660758
2420,2,1,3,4.5,3,-1.069902359
2421,1,1,3,7.5,3,-0.826605718
2422,6,5,1,3.5,3,-1.151001239
2423,10,8,1,3.5,3,-1.151001239
2424,8,8,5,6.5,3,-0.907704598
2425,8,8,6,12,3,-0.461660758
2426,8,8,3,16.5,3,-0.096715797
2427,8,8,2,19,3,0.106031403
2428,8,8,7,23.5,3,0.470976364
2429,9,9,4,5,3,-1.029352918
2430,9,9,1,7.5,3,-0.826605718
2431,2,2,1,17.5,3,-0.015616917
2432,2,2,5,20.5,3,0.227679723
2433,8,8,1,3.5,3,-1.151001239
2434,8,7,2,5,3,-1.029352918
2435,7,6,5,8.5,3,-0.745506838
2436,6,6,2,12,3,-0.461660758
2437,6,6,1,13.5,3,-0.340012438
2438,6,4,4,16,3,-0.137265237
2439,4,4,2,19,3,0.106031403
2440,4,4,4,22,3,0.349328043
2441,4,4,1,24.5,3,0.552075244
2442,4,4,3,26.5,3,0.714273004
2443,4,4,3,29.5,3,0.957569644
2444,4,4,1,31.5,3,1.119767404
2445,4,4,1,32.5,3,1.200866285
2446,4,4,2,34,3,1.322514605
2447,4,4,3,36.5,3,1.525261805
2448,4,4,3,39.5,3,1.768558445
2449,7,7,2,25,3,0.592624684
2450,7,7,1,26.5,3,0.714273004
2451,8,8,1,3.5,3,-1.151001239
2452,8,8,2,5,3,-1.029352918
2453,8,8,1,6.5,3,-0.907704598
2454,8,8,1,7.5,3,-0.826605718
2455,8,8,5,10.5,3,-0.583309078
2456,8,6,1,13.5,3,-0.340012438
2457,8,8,9,28.5,3,0.876470764
2458,7,6,9,14.5,3,-0.258913557
2459,6,3,12,25,3,0.592624684
2460,3,3,6,6,3,-0.948254038
2461,3,3,10,14,3,-0.299462997
2462,5,5,2,4,3,-1.110451799
2463,6,1,2,2,3,-1.272649559
2464,5,5,14,24,3,0.511525804
2465,5,5,1,31.5,3,1.119767404
2466,7,7,1,31.5,3,1.119767404
2467,7,7,2,33,3,1.241415725
2468,7,7,5,36.5,3,1.525261805
2469,7,7,2,40,3,1.809107885
2470,1,1,2,18,3,0.024932523
2471,3,2,2,11,3,-0.542759638
2472,2,2,4,14,3,-0.299462997
2473,12,9,12,9,3,-0.704957398
2474,2,2,15,10.5,3,-0.583309078
2475,7,7,11,8.5,3,-0.745506838
2476,8,7,1,3.5,3,-1.151001239
2477,7,5,1,4.5,3,-1.069902359
2478,6,6,2,25,3,0.592624684
2479,6,5,18,35,3,1.403613485
2480,6,2,22,14,3,-0.299462997
2481,3,3,5,40.5,3,1.849657325
2482,6,5,2,4,3,-1.110451799
2483,5,4,2,6,3,-0.948254038
2484,10,0,22,14,3,-0.299462997
2485,4,3,1,3.5,3,-1.151001239
2486,3,0,1,4.5,3,-1.069902359
2487,2,2,7,34.5,3,1.363064045
2488,2,2,1,17.5,3,-0.015616917
2489,12,1,2,4,3,-1.110451799
2490,6,2,7,13.5,3,-0.340012438
2491,4,2,7,6.5,3,-0.907704598
2492,2,2,5,12.5,3,-0.421111318
2493,2,2,1,15.5,3,-0.177814677
2494,5,5,6,6,3,-0.948254038
2495,5,5,3,10.5,3,-0.583309078
2496,5,5,4,14,3,-0.299462997
2497,5,5,15,23.5,3,0.470976364
2498,8,8,1,3.5,3,-1.151001239
2499,7,3,7,20.5,3,0.227679723
2500,3,3,2,25,3,0.592624684
2501,3,3,5,28.5,3,0.876470764
2502,3,3,7,34.5,3,1.363064045
2503,3,3,1,38.5,3,1.687459565
2504,3,3,3,40.5,3,1.849657325
2505,3,3,3,43.5,3,2.092953966
2506,3,3,1,45.5,3,2.255151726
2507,3,3,1,46.5,3,2.336250606
2508,3,3,6,50,3,2.620096686
2509,8,8,2,25,3,0.592624684
2510,8,8,3,11.5,3,-0.502210198
2511,8,6,2,4,3,-1.110451799
2512,10,4,3,4.5,3,-1.069902359
2513,4,2,6,9,3,-0.704957398
2514,2,2,4,14,3,-0.299462997
2515,2,2,2,17,3,-0.056166357
2516,4,2,1,20.5,3,0.227679723
2517,2,2,8,25,3,0.592624684
2518,2,2,1,29.5,3,0.957569644
2519,5,5,1,3.5,3,-1.151001239
2520,5,5,1,4.5,3,-1.069902359
2521,5,5,9,9.5,3,-0.664407958
2522,5,5,10,19,3,0.106031403
2523,2,2,1,31.5,3,1.119767404
2524,5,5,2,53,3,2.863393327
2525,7,7,19,19.5,3,0.146580843
2526,7,5,8,33,3,1.241415725
2527,5,4,14,24,3,0.511525804
2528,4,4,14,38,3,1.646910125
2529,7,6,5,5.5,3,-0.988803478
2530,11,11,4,5,3,-1.029352918
2531,9,9,5,47.5,3,2.417349486
2532,5,3,5,26.5,3,0.714273004
2533,3,3,13,35.5,3,1.444162925
2534,3,3,6,45,3,2.214602286
2535,9,8,16,11,3,-0.542759638
2536,8,5,4,5,3,-1.029352918
2537,5,5,1,7.5,3,-0.826605718
2538,5,3,6,11,3,-0.542759638
2539,3,3,4,16,3,-0.137265237
2540,3,3,3,19.5,3,0.146580843
2541,3,3,1,21.5,3,0.308778603
2542,3,1,2,23,3,0.430426924
2543,1,1,1,24.5,3,0.552075244
2544,1,1,2,26,3,0.673723564
2545,1,1,1,27.5,3,0.795371884
2546,1,1,1,28.5,3,0.876470764
2547,1,1,1,29.5,3,0.957569644
2548,1,1,1,30.5,3,1.038668524
2549,1,1,3,32.5,3,1.200866285
2550,1,1,1,34.5,3,1.363064045
2551,1,1,1,35.5,3,1.444162925
2552,1,1,1,36.5,3,1.525261805
2553,1,1,1,37.5,3,1.606360685
2554,1,1,1,38.5,3,1.687459565
2555,6,6,6,13,3,-0.380561878
2556,6,3,5,18.5,3,0.065481963
2557,3,3,4,23,3,0.430426924
2558,3,3,8,29,3,0.917020204
2559,3,3,2,34,3,1.322514605
2560,2,2,2,46,3,2.295701166
2561,7,3,5,12.5,3,-0.421111318
2562,7,7,1,10.5,3,-0.583309078
2563,8,8,3,32.5,3,1.200866285
2564,8,8,2,35,3,1.403613485
2565,10,10,1,3.5,3,-1.151001239
2566,10,9,1,4.5,3,-1.069902359
2567,9,6,2,6,3,-0.948254038
2568,6,4,6,10,3,-0.623858518
2569,4,2,3,14.5,3,-0.258913557
2570,2,2,1,16.5,3,-0.096715797
2571,2,2,1,17.5,3,-0.015616917
2572,2,2,1,18.5,3,0.065481963
2573,2,2,1,19.5,3,0.146580843
2574,2,2,1,20.5,3,0.227679723
2575,2,1,1,21.5,3,0.308778603
2576,1,0,2,23,3,0.430426924
2577,13,1,5,5.5,3,-0.988803478
2578,4,2,1,3.5,3,-1.151001239
2579,2,1,1,4.5,3,-1.069902359
2580,2,2,5,26.5,3,0.714273004
2581,11,5,3,4.5,3,-1.069902359
2582,5,4,1,6.5,3,-0.907704598
2583,4,4,3,8.5,3,-0.745506838
2584,4,3,2,11,3,-0.542759638
2585,3,3,10,17,3,-0.056166357
2586,3,3,11,27.5,3,0.795371884
2587,11,7,6,6,3,-0.948254038
2588,7,5,7,12.5,3,-0.421111318
2589,5,5,7,19.5,3,0.146580843
2590,5,5,6,26,3,0.673723564
2591,3,1,7,6.5,3,-0.907704598
2592,5,2,10,8,3,-0.786056278
2593,1,1,14,17,3,-0.056166357
2594,3,3,12,23,3,0.430426924
2595,6,3,11,8.5,3,-0.745506838
2596,3,3,7,17.5,3,-0.015616917
2597,3,3,10,26,3,0.673723564
2598,8,8,1,10.5,3,-0.583309078
2599,8,7,2,12,3,-0.461660758
2600,8,7,8,7,3,-0.867155158
2601,3,3,1,3.5,3,-1.151001239
2602,2,2,14,24,3,0.511525804
2603,2,2,4,33,3,1.241415725
2604,11,5,18,12,3,-0.461660758
2605,5,4,14,24,3,0.511525804
2606,4,3,4,33,3,1.241415725
2607,3,3,5,37.5,3,1.606360685
2608,10,2,7,13.5,3,-0.340012438
2609,2,1,7,20.5,3,0.227679723
2610,1,1,15,31.5,3,1.119767404
2611,4,3,7,20.5,3,0.227679723
2612,3,2,7,27.5,3,0.795371884
2613,2,2,15,38.5,3,1.687459565
2614,1,1,10,8,3,-0.786056278
2615,10,9,1,3.5,3,-1.151001239
2616,15,15,22,14,3,-0.299462997
2617,10,10,16,25,3,0.592624684
2618,2,2,5,40.5,3,1.849657325
2619,4,2,1,3.5,3,-1.151001239
2620,2,2,3,5.5,3,-0.988803478
2621,2,2,5,12.5,3,-0.421111318
2622,15,11,1,3.5,3,-1.151001239
2623,11,3,2,5,3,-1.029352918
2624,3,2,1,6.5,3,-0.907704598
2625,2,2,2,8,3,-0.786056278
2626,2,2,1,9.5,3,-0.664407958
2627,2,2,1,10.5,3,-0.583309078
2628,2,1,2,12,3,-0.461660758
2629,1,1,1,13.5,3,-0.340012438
2630,1,1,1,14.5,3,-0.258913557
2631,1,1,1,15.5,3,-0.177814677
2632,1,1,1,16.5,3,-0.096715797
2633,1,1,1,17.5,3,-0.015616917
2634,1,1,1,18.5,3,0.065481963
2635,4,2,2,4,3,-1.110451799
2636,10,3,19,12.5,3,-0.421111318
2637,1,1,16,32,3,1.160316845
2638,8,8,6,6,3,-0.948254038
2639,2,2,2,4,3,-1.110451799
2640,2,2,4,7,3,-0.867155158
2641,8,8,11,36.5,3,1.525261805
2642,1,1,20,41,3,1.890206765
2643,5,1,23,14.5,3,-0.258913557
2644,1,1,7,29.5,3,0.957569644
2645,1,1,1,33.5,3,1.281965165
2646,1,1,6,37,3,1.565811245
2647,3,1,9,14.5,3,-0.258913557
2648,8,4,2,4,3,-1.110451799
2649,4,0,10,10,3,-0.623858518
2650,2,2,6,23,3,0.430426924
2651,3,1,4,19,3,0.106031403
2652,14,14,5,5.5,3,-0.988803478
2653,14,4,3,9.5,3,-0.664407958
2654,6,6,2,18,3,0.024932523
2655,6,5,5,21.5,3,0.308778603
2656,5,5,9,28.5,3,0.876470764
2657,5,5,1,33.5,3,1.281965165
2658,5,5,6,37,3,1.565811245
2659,5,5,3,41.5,3,1.930756206
2660,5,5,3,44.5,3,2.174052846
2661,2,2,1,24.5,3,0.552075244
2662,7,5,29,24.5,3,0.552075244
2663,7,6,7,6.5,3,-0.907704598
2664,6,6,1,10.5,3,-0.583309078
2665,6,6,8,7,3,-0.867155158
2666,4,3,13,16.5,3,-0.096715797
2667,3,2,8,14,3,-0.299462997
2668,2,1,10,23,3,0.430426924
2669,7,5,4,5,3,-1.029352918
2670,5,5,3,8.5,3,-0.745506838
2671,13,10,1,3.5,3,-1.151001239
2672,10,10,9,8.5,3,-0.745506838
2673,5,5,1,10.5,3,-0.583309078
2674,11,8,12,9,3,-0.704957398
2675,3,2,2,18,3,0.024932523
2676,11,11,3,4.5,3,-1.069902359
2677,10,10,27,16.5,3,-0.096715797
2678,10,9,19,39.5,3,1.768558445
2679,6,5,13,9.5,3,-0.664407958
2680,6,6,4,40,3,1.809107885
2681,8,7,1,3.5,3,-1.151001239
2682,15,14,3,3.5,3,-1.151001239
2683,14,11,9,7.5,3,-0.826605718
2684,11,11,4,14,3,-0.299462997
2685,11,11,22,27,3,0.754822444
2686,5,5,2,4,3,-1.110451799
2687,11,5,3,4.5,3,-1.069902359
2688,6,4,5,12.5,3,-0.421111318
2689,12,11,3,4.5,3,-1.069902359
2690,11,10,1,6.5,3,-0.907704598
2691,10,8,1,7.5,3,-0.826605718
2692,8,8,1,8.5,3,-0.745506838
2693,8,8,1,9.5,3,-0.664407958
2694,8,7,1,10.5,3,-0.583309078
2695,7,7,1,11.5,3,-0.502210198
2696,7,7,1,12.5,3,-0.421111318
2697,7,7,1,13.5,3,-0.340012438
2698,7,7,1,14.5,3,-0.258913557
2699,7,6,2,16,3,-0.137265237
2700,6,6,2,18,3,0.024932523
2701,6,6,1,19.5,3,0.146580843
2702,6,6,1,20.5,3,0.227679723
2703,6,4,1,21.5,3,0.308778603
2704,4,4,1,22.5,3,0.389877483
2705,4,4,3,24.5,3,0.552075244
2706,4,4,3,27.5,3,0.795371884
2707,4,4,2,30,3,0.998119084
2708,4,4,2,32,3,1.160316845
2709,4,3,4,35,3,1.403613485
2710,4,1,4,5,3,-1.029352918
2711,14,13,3,4.5,3,-1.069902359
2712,13,13,1,6.5,3,-0.907704598
2713,7,7,1,10.5,3,-0.583309078
2714,7,6,1,11.5,3,-0.502210198
2715,6,6,1,12.5,3,-0.421111318
2716,3,3,1,31.5,3,1.119767404
2717,3,3,1,32.5,3,1.200866285
2718,3,3,18,42,3,1.971305646
2719,2,1,3,11.5,3,-0.502210198
2720,1,1,1,13.5,3,-0.340012438
2721,2,2,15,24.5,3,0.552075244
2722,4,4,3,39.5,3,1.768558445
2723,4,4,1,41.5,3,1.930756206
2724,4,4,1,42.5,3,2.011855086
2725,4,4,3,44.5,3,2.174052846
2726,2,2,12,30,3,0.998119084
2727,5,5,5,12.5,3,-0.421111318
2728,4,3,12,23,3,0.430426924
2729,3,3,9,33.5,3,1.281965165
2730,3,3,5,40.5,3,1.849657325
2731,3,2,7,46.5,3,2.336250606
2732,2,2,1,3.5,3,-1.151001239
2733,8,2,17,32.5,3,1.200866285
2734,8,5,1,3.5,3,-1.151001239
2735,1,1,6,20,3,0.187130283
2736,1,1,4,25,3,0.592624684
2737,3,3,1,31.5,3,1.119767404
2738,3,3,2,33,3,1.241415725
2739,3,3,3,35.5,3,1.444162925
2740,3,3,1,37.5,3,1.606360685
2741,3,3,11,43.5,3,2.092953966
2742,5,5,2,46,3,2.295701166
2743,5,5,2,48,3,2.457898926
2744,7,7,6,6,3,-0.948254038
2745,4,4,6,13,3,-0.380561878
2746,6,4,4,5,3,-1.029352918
2747,3,3,13,23.5,3,0.470976364
2748,6,6,3,25.5,3,0.633174124
2749,10,6,7,6.5,3,-0.907704598
2750,6,4,21,20.5,3,0.227679723
2751,14,9,8,14,3,-0.299462997
2752,4,2,7,20.5,3,0.227679723
2753,5,5,6,34,3,1.322514605
2754,5,4,14,44,3,2.133503406
2755,5,5,4,5,3,-1.029352918
2756,5,5,2,8,3,-0.786056278
2757,5,2,13,15.5,3,-0.177814677
2758,14,1,8,7,3,-0.867155158
2759,1,0,1,11.5,3,-0.502210198
2760,12,8,1,3.5,3,-1.151001239
2761,8,2,1,4.5,3,-1.069902359
2762,2,2,1,5.5,3,-0.988803478
2763,2,0,1,6.5,3,-0.907704598
2764,9,3,1,3.5,3,-1.151001239
2765,6,5,11,8.5,3,-0.745506838
2766,4,4,1,52.5,3,2.822843887
2767,7,7,6,6,3,-0.948254038
2768,7,6,7,12.5,3,-0.421111318
2769,5,5,15,10.5,3,-0.583309078
2770,5,5,8,22,3,0.349328043
2771,7,5,4,5,3,-1.029352918
2772,10,10,1,3.5,3,-1.151001239
2773,7,3,2,4,3,-1.110451799
2774,7,7,1,52.5,3,2.822843887
2775,2,1,6,13,3,-0.380561878
2776,1,1,10,8,3,-0.786056278
2777,1,1,17,21.5,3,0.308778603
2778,5,4,2,11,3,-0.542759638
2779,4,4,6,15,3,-0.218364117
2780,4,4,4,20,3,0.187130283
2781,4,4,3,23.5,3,0.470976364
2782,12,10,3,4.5,3,-1.069902359
2783,10,8,8,10,3,-0.623858518
2784,8,5,3,4.5,3,-1.069902359
2785,4,3,1,3.5,3,-1.151001239
2786,3,2,7,7.5,3,-0.826605718
2787,2,1,2,12,3,-0.461660758
2788,1,0,2,14,3,-0.299462997
2789,6,4,7,20.5,3,0.227679723
2790,4,3,8,28,3,0.835921324
2791,3,3,8,36,3,1.484712365
2792,3,3,8,44,3,2.133503406
2793,9,7,12,9,3,-0.704957398
2794,7,6,8,19,3,0.106031403
2795,8,6,2,4,3,-1.110451799
2796,6,3,19,14.5,3,-0.258913557
2797,13,12,1,3.5,3,-1.151001239
2798,12,10,1,4.5,3,-1.069902359
2799,10,9,1,5.5,3,-0.988803478
2800,1,1,3,25.5,3,0.633174124
2801,7,7,9,7.5,3,-0.826605718
2802,7,7,2,13,3,-0.380561878
2803,7,7,10,19,3,0.106031403
2804,7,7,10,29,3,0.917020204
2805,7,7,5,36.5,3,1.525261805
2806,1,1,7,41.5,3,1.930756206
2807,3,3,8,35,3,1.403613485
2808,10,8,3,4.5,3,-1.069902359
2809,8,8,2,7,3,-0.867155158
2810,8,2,4,10,3,-0.623858518
2811,4,3,7,27.5,3,0.795371884
2812,9,8,6,13,3,-0.380561878
2813,1,1,4,19,3,0.106031403
2814,1,1,16,29,3,0.917020204
2815,15,12,9,7.5,3,-0.826605718
2816,12,9,23,23.5,3,0.470976364
2817,5,5,2,46,3,2.295701166
2818,9,9,3,4.5,3,-1.069902359
2819,9,8,3,7.5,3,-0.826605718
2820,2,2,2,18,3,0.024932523
2821,2,2,1,19.5,3,0.146580843
2822,6,2,6,6,3,-0.948254038
2823,4,1,5,12.5,3,-0.421111318
2824,7,4,14,17,3,-0.056166357
2825,5,3,12,32,3,1.160316845
