Observation,C,Hatched,Year
1,9,9,2005
2,8,8,2005
3,7,7,2003
4,12,12,2003
5,14,12,2003
6,11,10,2003
7,10,10,2003
8,8,8,2003
9,6,6,2003
10,8,8,2004
11,6,6,2003
12,10,10,2005
13,10,10,2004
14,6,6,2004
15,9,9,2003
16,3,3,2003
17,7,7,2003
18,9,9,2003
19,7,7,2003
20,9,9,2003
21,5,5,2003
22,8,5,2003
23,10,10,2003
24,7,4,2003
25,6,6,2003
26,8,8,2003
27,8,4,2003
28,7,7,2003
29,9,7,2003
30,8,5,2003
31,8,7,2003
32,8,6,2003
33,8,8,2003
34,6,6,2003
35,10,10,2003
36,4,4,2003
37,6,6,2003
38,4,4,2003
39,6,5,2003
40,8,8,2003
41,9,9,2003
42,11,11,2003
43,8,7,2003
44,12,12,2003
45,7,7,2003
46,13,3,2003
47,7,7,2003
48,5,5,2003
49,10,10,2003
50,4,4,2003
51,9,9,2003
52,7,7,2003
53,7,7,2003
54,11,11,2003
55,11,11,2003
56,7,7,2003
57,9,9,2003
58,7,7,2003
59,4,4,2003
60,12,12,2003
61,8,8,2003
62,7,7,2003
63,8,8,2003
64,8,8,2003
65,8,8,2003
66,8,8,2003
67,5,5,2003
68,8,8,2003
69,5,5,2003
70,5,5,2003
71,6,6,2003
72,6,6,2003
73,8,8,2003
74,7,7,2003
75,10,10,2003
76,10,10,2003
77,8,8,2003
78,6,6,2003
79,8,8,2003
80,9,8,2003
81,12,12,2003
82,12,12,2003
83,11,8,2003
84,8,8,2003
85,9,9,2003
86,8,8,2003
87,9,9,2003
88,9,9,2003
89,10,10,2003
90,11,11,2003
91,10,10,2003
92,11,7,2003
93,8,8,2003
94,6,6,2003
95,11,11,2003
96,7,7,2003
97,9,7,2003
98,9,9,2003
99,10,10,2003
100,10,9,2003
101,8,8,2003
102,9,9,2003
103,8,8,2003
104,8,8,2003
105,9,9,2003
106,8,8,2003
107,10,10,2003
108,11,10,2003
109,8,8,2003
110,11,11,2003
111,7,7,2003
112,11,11,2003
113,9,6,2003
114,8,8,2003
115,9,9,2003
116,6,6,2003
117,9,9,2003
118,5,5,2003
119,8,8,2003
120,8,8,2003
121,10,8,2003
122,7,7,2003
123,6,5,2003
124,10,10,2003
125,6,6,2003
126,7,5,2003
127,8,7,2003
128,8,8,2003
129,12,9,2003
130,4,4,2003
131,9,8,2003
132,10,10,2003
133,8,6,2003
134,8,6,2003
135,6,6,2003
136,8,8,2003
137,12,9,2003
138,6,6,2003
139,8,8,2003
140,9,9,2003
141,9,8,2003
142,8,8,2003
143,7,7,2003
144,12,12,2003
145,5,5,2003
146,9,9,2003
147,7,7,2003
148,7,4,2003
149,10,10,2003
150,7,6,2003
151,9,9,2003
152,10,10,2003
153,5,5,2003
154,8,8,2003
155,9,9,2003
156,8,8,2003
157,5,5,2003
158,7,7,2003
159,8,8,2003
160,7,7,2003
161,10,10,2003
162,4,4,2003
163,9,9,2003
164,7,7,2003
165,8,8,2003
166,8,8,2003
167,2,2,2004
168,9,9,2004
169,8,8,2004
170,9,9,2004
171,6,6,2004
172,8,8,2004
173,9,9,2004
174,9,7,2004
175,9,9,2004
176,8,8,2004
177,11,11,2004
178,11,11,2004
179,10,10,2004
180,9,9,2004
181,8,8,2004
182,7,7,2004
183,10,10,2004
184,7,7,2004
185,4,4,2004
186,4,4,2004
187,6,6,2004
188,4,4,2004
189,6,6,2004
190,6,6,2004
191,6,6,2004
192,8,8,2004
193,8,8,2004
194,7,7,2004
195,6,6,2004
196,8,8,2004
197,10,10,2004
198,9,9,2004
199,15,15,2004
200,11,11,2004
201,6,6,2004
202,8,8,2004
203,9,9,2004
204,10,10,2004
205,7,7,2004
206,11,11,2004
207,10,10,2004
208,8,8,2004
209,8,8,2004
210,10,10,2004
211,8,7,2004
212,11,11,2004
213,6,6,2004
214,8,8,2004
215,12,12,2004
216,8,8,2004
217,7,7,2004
218,6,6,2004
219,9,9,2004
220,8,8,2004
221,7,7,2004
222,8,8,2004
223,9,9,2004
224,5,5,2004
225,8,8,2004
226,7,7,2004
227,7,7,2004
228,9,9,2004
229,9,9,2004
230,13,10,2004
231,11,11,2004
232,9,9,2004
233,7,7,2004
234,10,10,2004
235,10,10,2004
236,6,6,2004
237,9,8,2004
238,8,8,2004
239,9,8,2004
240,4,4,2004
241,6,6,2004
242,8,8,2004
243,8,8,2004
244,10,10,2004
245,9,8,2004
246,9,7,2004
247,8,8,2004
248,11,11,2004
249,8,8,2004
250,10,10,2004
251,9,9,2004
252,11,11,2004
253,9,9,2004
254,10,10,2004
255,10,10,2004
256,8,5,2004
257,9,9,2004
258,10,10,2004
259,6,6,2004
260,11,11,2004
261,9,9,2004
262,11,11,2004
263,3,3,2004
264,8,8,2004
265,10,8,2004
266,8,8,2004
267,8,5,2004
268,11,10,2004
269,8,8,2004
270,8,8,2004
271,8,8,2004
272,10,10,2004
273,7,7,2004
274,4,2,2004
275,8,8,2004
276,6,6,2004
277,12,12,2004
278,6,6,2004
279,10,9,2004
280,10,10,2004
281,2,2,2005
282,8,8,2005
283,3,3,2005
284,9,9,2005
285,8,8,2005
286,10,10,2005
287,12,12,2005
288,12,12,2003
289,12,12,2003
290,8,8,2003
291,9,9,2003
292,8,8,2003
293,8,8,2004
294,8,8,2004
295,12,12,2004
296,9,4,2005
297,10,8,2005
298,8,8,2005
299,8,8,2005
300,9,9,2005
301,9,8,2005
302,9,9,2005
303,9,8,2005
304,9,9,2005
305,9,9,2005
306,9,9,2005
307,10,5,2005
308,8,8,2005
309,9,9,2005
310,8,8,2005
311,5,5,2005
312,10,8,2005
313,6,6,2005
314,9,9,2005
315,4,4,2005
316,10,8,2005
317,9,9,2005
318,5,5,2005
319,8,8,2005
320,9,9,2004
321,8,7,2004
322,7,4,2004
323,7,7,2005
324,7,7,2005
325,8,7,2005
326,8,8,2004
327,9,9,2004
328,7,7,2004
329,9,9,2004
330,9,9,2004
331,9,9,2004
332,8,6,2004
333,10,9,2004
334,10,10,2004
335,9,9,2004
336,5,5,2004
337,9,8,2005
338,8,8,2005
339,5,5,2005
340,9,6,2005
341,10,10,2005
342,6,6,2005
343,8,8,2003
344,7,7,2003
345,6,6,2003
346,9,9,2003
347,8,8,2003
348,8,8,2005
349,7,7,2003
350,9,9,2005
351,9,9,2005
352,11,11,2005
353,8,8,2005
354,10,9,2005
355,9,6,2005
356,9,5,2005
357,8,5,2005
358,10,10,2005
359,5,5,2005
360,11,11,2005
361,8,8,2005
362,8,7,2005
363,6,6,2004
364,10,8,2004
365,4,4,2004
366,4,4,2004
367,8,8,2004
368,9,9,2004
369,11,11,2003
370,10,10,2003
371,9,7,2003
372,8,8,2003
373,15,15,2005
374,8,8,2005
375,7,5,2005
376,8,7,2005
377,7,7,2005
378,7,2,2005
379,7,3,2005
380,9,9,2005
381,9,9,2005
382,11,6,2005
383,9,9,2005
384,10,10,2005
385,5,5,2005
386,10,10,2005
387,9,9,2005
388,9,9,2005
389,10,10,2005
390,8,7,2005
391,9,9,2005
392,5,5,2005
393,9,9,2005
394,7,7,2005
395,10,10,2005
396,11,10,2005
397,11,3,2005
398,10,10,2005
399,12,12,2005
400,12,12,2005
401,9,9,2005
402,11,11,2005
403,9,9,2005
404,12,12,2005
405,10,10,2005
406,10,10,2005
407,8,8,2005
408,8,7,2005
409,9,9,2005
410,10,10,2005
411,10,10,2005
412,5,5,2005
413,11,11,2005
414,8,8,2005
415,12,9,2004
416,9,8,2004
417,9,8,2004
418,7,6,2005
419,8,8,2005
420,7,6,2005
421,8,8,2005
422,8,8,2005
423,8,8,2005
424,9,9,2005
425,8,6,2005
426,6,6,2005
427,6,6,2005
428,11,11,2005
429,6,6,2005
430,11,11,2005
431,8,8,2004
432,10,7,2004
433,4,4,2005
434,10,10,2003
435,6,6,2004
436,10,10,2004
437,6,6,2005
438,7,7,2003
439,6,6,2003
440,11,11,2003
441,9,9,2003
442,4,4,2004
443,6,6,2004
444,9,6,2005
445,8,8,2005
446,8,8,2005
447,9,9,2004
448,7,7,2005
449,8,8,2005
450,9,9,2003
451,9,9,2003
452,11,11,2003
453,7,7,2004
454,5,5,2005
455,8,8,2005
456,12,12,2005
457,3,3,2005
458,12,12,2005
459,9,9,2005
460,8,8,2005
461,12,12,2005
462,10,10,2005
463,8,8,2005
464,8,8,2005
465,8,8,2005
466,8,8,2005
467,7,7,2005
468,9,8,2005
469,11,11,2005
470,11,11,2004
471,10,10,2005
472,8,8,2005
473,9,9,2003
474,7,7,2003
475,6,6,2003
476,9,9,2004
477,8,8,2004
478,8,8,2004
479,9,9,2004
480,11,11,2004
481,8,8,2004
482,7,7,2004
483,9,7,2004
484,8,8,2004
485,10,10,2004
486,10,10,2004
487,8,6,2004
488,5,5,2004
489,7,6,2004
490,11,11,2005
491,7,6,2005
492,10,10,2005
493,10,10,2005
494,7,7,2005
495,6,6,2005
496,5,5,2005
497,8,8,2005
498,9,5,2005
499,9,9,2005
500,9,3,2005
501,10,9,2005
502,6,6,2005
503,9,9,2005
504,6,6,2003
505,8,8,2003
506,7,7,2003
507,8,8,2003
508,8,8,2003
509,16,14,2003
510,7,6,2003
511,8,8,2003
512,8,8,2004
513,7,7,2004
514,9,8,2004
515,10,8,2004
516,7,7,2004
517,8,7,2004
518,8,8,2003
519,9,9,2005
520,10,10,2003
521,9,9,2003
522,9,9,2003
523,6,6,2003
524,8,8,2005
525,8,8,2005
526,6,4,2005
527,9,9,2005
528,11,11,2005
529,8,8,2005
530,9,9,2005
531,8,8,2005
532,6,6,2005
533,8,8,2005
534,7,7,2005
535,11,11,2003
536,8,8,2003
537,12,11,2003
538,7,7,2004
539,8,8,2004
540,12,12,2004
541,8,8,2003
542,8,8,2003
543,10,9,2003
544,6,6,2003
545,7,6,2003
546,8,8,2003
547,7,7,2003
548,10,10,2003
549,5,5,2003
550,8,8,2003
551,10,10,2003
552,12,11,2004
553,9,6,2004
554,6,6,2004
555,9,8,2004
556,9,8,2004
557,10,10,2004
558,8,8,2004
559,10,10,2004
560,7,7,2004
561,9,9,2004
562,7,7,2004
563,7,7,2004
564,8,8,2004
565,7,7,2004
566,10,10,2004
567,10,10,2004
568,6,6,2004
569,8,8,2004
570,7,6,2004
571,8,8,2004
572,12,12,2004
573,10,7,2005
574,8,8,2005
575,9,9,2005
576,9,9,2005
577,10,10,2005
578,8,4,2005
579,9,9,2005
580,8,8,2005
581,8,8,2005
582,10,10,2005
583,8,5,2005
584,10,7,2005
585,8,8,2005
586,10,10,2005
587,13,13,2005
588,10,10,2003
589,2,2,2003
590,7,7,2003
591,9,9,2003
592,8,8,2003
593,6,6,2003
594,8,8,2003
595,10,10,2003
596,6,6,2003
597,6,5,2003
598,8,8,2003
599,9,9,2003
600,10,10,2003
601,12,12,2004
602,13,13,2004
603,9,9,2004
604,9,9,2004
605,8,8,2004
606,8,8,2004
607,9,9,2004
608,11,5,2004
609,14,14,2004
610,8,8,2004
611,9,9,2004
612,7,7,2004
613,8,8,2004
614,12,12,2004
615,11,11,2004
616,8,8,2004
617,9,7,2004
618,9,9,2004
619,7,7,2004
620,7,7,2004
621,12,12,2004
622,11,11,2004
623,8,8,2004
624,5,5,2004
625,9,8,2004
626,9,7,2004
627,7,7,2004
628,8,8,2004
629,7,7,2004
630,12,12,2005
631,12,12,2005
632,7,7,2005
633,10,10,2005
634,8,8,2005
635,11,11,2005
636,5,5,2005
637,8,7,2005
638,6,4,2005
639,8,7,2005
640,7,7,2005
641,11,11,2005
642,7,6,2005
643,10,10,2005
644,9,9,2005
645,8,8,2005
646,11,8,2005
647,9,9,2005
648,8,8,2005
649,10,10,2003
650,9,9,2004
651,8,8,2005
652,10,9,2005
653,8,7,2005
654,8,8,2005
655,12,11,2004
656,9,9,2004
657,9,9,2005
658,12,12,2004
659,10,10,2004
660,12,12,2004
661,8,6,2004
662,10,7,2004
663,6,6,2005
664,10,10,2005
665,6,6,2005
666,9,9,2005
667,6,6,2005
668,7,7,2005
669,10,10,2005
670,10,10,2005
671,8,8,2005
672,8,8,2005
673,8,8,2003
674,9,9,2003
675,7,7,2003
676,6,6,2003
677,10,10,2003
678,4,4,2003
679,6,6,2003
680,9,9,2003
681,6,6,2003
682,6,6,2003
683,7,7,2003
684,10,10,2003
685,9,9,2005
686,12,12,2005
687,11,11,2005
688,8,8,2005
689,6,6,2005
690,8,8,2005
691,9,9,2005
692,7,7,2005
693,9,9,2005
694,10,10,2005
695,6,6,2005
696,8,8,2005
697,8,8,2004
698,10,10,2004
699,8,4,2004
700,10,10,2005
701,10,10,2005
702,9,9,2003
703,10,10,2003
704,12,12,2003
705,8,8,2003
706,8,8,2003
707,8,8,2003
708,8,8,2003
709,7,7,2003
710,7,7,2003
711,10,10,2004
712,10,10,2004
713,9,9,2004
714,9,9,2004
715,8,8,2004
716,6,6,2004
717,7,5,2004
718,9,7,2004
719,8,6,2004
720,10,9,2004
721,6,6,2004
722,9,9,2004
723,6,6,2004
724,6,6,2004
725,8,8,2004
726,9,9,2004
727,11,11,2004
728,7,7,2003
729,10,10,2003
730,8,8,2003
731,7,7,2005
732,9,9,2004
733,10,10,2004
734,7,7,2004
735,11,11,2004
736,9,9,2004
737,8,8,2004
738,12,12,2004
739,8,8,2004
740,12,12,2004
741,10,10,2004
742,10,10,2004
743,9,9,2004
744,8,8,2004
745,6,6,2004
746,6,6,2004
747,7,7,2004
748,9,9,2004
749,11,11,2004
750,7,5,2004
751,8,7,2006
752,9,9,2006
753,8,6,2006
754,9,9,2006
755,10,10,2006
756,7,7,2006
757,9,7,2006
758,6,6,2006
759,6,6,2006
760,10,10,2006
761,8,8,2006
762,7,7,2006
763,5,5,2006
764,8,8,2006
765,8,7,2006
766,8,7,2006
767,10,10,2006
768,8,7,2006
769,8,8,2006
770,8,8,2006
771,8,8,2006
772,6,5,2006
773,6,6,2006
774,8,8,2006
775,6,6,2006
776,11,9,2006
777,8,8,2006
778,8,8,2006
779,6,6,2006
780,8,8,2006
781,9,9,2006
782,10,10,2006
783,11,8,2006
784,10,8,2006
785,11,8,2006
786,8,8,2006
787,10,10,2006
788,12,12,2006
789,10,10,2006
790,6,6,2006
791,8,8,2006
792,3,3,2006
793,7,7,2006
794,10,10,2006
795,10,10,2006
796,8,8,2006
797,11,11,2006
798,8,8,2006
799,8,8,2006
800,10,10,2006
801,10,10,2006
802,8,7,2006
803,7,7,2006
804,9,9,2006
805,9,9,2006
806,10,10,2006
807,9,5,2006
808,11,11,2006
809,7,7,2006
810,8,8,2006
811,10,9,2006
812,12,11,2006
813,9,9,2006
814,9,9,2006
815,11,11,2006
816,9,9,2006
817,10,10,2006
818,8,8,2006
819,8,8,2006
820,8,8,2006
821,8,8,2006
822,10,10,2006
823,10,10,2006
824,12,12,2006
825,8,8,2006
826,9,9,2006
827,8,8,2006
828,8,6,2006
829,6,6,2006
830,6,6,2006
831,9,9,2006
832,9,9,2006
833,13,12,2006
834,7,7,2006
835,7,7,2006
836,11,11,2006
837,6,6,2006
838,12,12,2006
839,7,7,2006
840,8,7,2006
841,11,11,2006
842,6,6,2006
843,6,5,2006
844,8,8,2006
845,6,6,2006
846,6,6,2006
847,8,8,2006
848,5,5,2006
849,8,8,2006
850,5,5,2006
851,8,7,2006
852,10,10,2006
853,7,7,2006
854,6,6,2006
855,9,9,2006
856,11,11,2006
857,7,7,2006
858,8,8,2006
859,7,7,2006
860,10,10,2006
861,8,8,2006
862,9,9,2006
863,12,12,2006
864,6,6,2006
865,10,10,2006
866,8,5,2006
867,6,5,2006
868,6,4,2006
869,9,9,2006
870,9,9,2006
871,11,11,2006
872,11,11,2006
873,11,6,2006
874,6,6,2006
875,7,7,2006
876,7,7,2006
877,8,8,2006
878,6,6,2006
879,9,9,2006
880,11,11,2006
881,6,4,2006
882,8,7,2006
883,8,8,2006
884,9,8,2006
885,5,5,2006
886,8,8,2006
887,11,11,2006
888,7,7,2006
889,9,9,2006
890,6,6,2006
891,11,11,2006
892,10,10,2006
893,7,7,2006
894,6,6,2006
895,4,4,2006
896,8,6,2006
897,6,6,2006
898,8,6,2006
899,9,9,2006
900,7,7,2006
901,5,5,2006
902,10,10,2006
903,8,8,2006
904,10,10,2006
905,9,7,2006
906,7,7,2006
907,10,10,2006
908,2,2,2006
909,5,5,2006
910,7,7,2006
911,7,7,2006
912,10,10,2006
913,11,11,2006
914,12,12,2006
915,9,9,2006
916,6,6,2006
917,8,8,2006
918,10,10,2006
919,2,2,2006
920,8,8,2006
921,8,8,2006
922,8,8,2006
923,12,12,2006
924,11,11,2006
925,10,10,2006
926,10,10,2006
927,10,10,2006
928,10,10,2006
929,10,10,2006
930,10,10,2006
931,10,10,2006
932,11,11,2006
933,9,9,2006
934,6,6,2007
935,10,10,2007
936,12,12,2007
937,8,3,2007
938,5,5,2007
939,10,8,2007
940,9,9,2007
941,7,7,2007
942,10,10,2007
943,12,9,2007
944,5,5,2007
945,10,8,2007
946,10,6,2007
947,7,7,2007
948,10,10,2007
949,9,9,2007
950,8,8,2007
951,5,5,2007
952,6,5,2007
953,9,9,2007
954,4,4,2007
955,6,6,2007
956,8,8,2007
957,8,8,2007
958,11,11,2007
959,7,7,2007
960,6,6,2007
961,8,8,2007
962,8,8,2007
963,8,8,2007
964,5,5,2007
965,11,11,2007
966,12,12,2007
967,12,12,2007
968,11,11,2007
969,5,5,2007
970,10,10,2007
971,9,9,2007
972,12,12,2007
973,12,12,2007
974,14,14,2007
975,7,7,2007
976,9,6,2007
977,9,9,2007
978,10,10,2007
979,11,11,2007
980,8,6,2007
981,9,9,2004
982,8,8,2007
983,8,7,2007
984,10,10,2007
985,8,8,2007
986,12,12,2007
987,7,7,2007
988,13,12,2007
989,7,7,2007
990,4,4,2007
991,6,3,2007
992,6,6,2007
993,5,5,2007
994,11,11,2007
995,12,12,2007
996,11,11,2007
997,8,8,2007
998,9,9,2007
999,12,10,2007
1000,10,10,2007
1001,4,4,2007
1002,10,10,2007
1003,12,12,2007
1004,5,5,2007
1005,6,6,2007
1006,12,12,2007
1007,3,3,2007
1008,11,11,2007
1009,7,7,2007
1010,8,8,2007
1011,6,6,2007
1012,9,6,2007
1013,7,7,2007
1014,8,8,2007
1015,9,7,2007
1016,8,6,2007
1017,9,8,2007
1018,10,8,2007
1019,8,8,2007
1020,11,9,2007
1021,8,8,2007
1022,9,9,2007
1023,8,8,2007
1024,10,9,2007
1025,3,3,2007
1026,8,8,2007
1027,8,5,2007
1028,10,6,2007
1029,7,7,2007
1030,6,6,2007
1031,9,9,2007
1032,6,5,2007
1033,8,8,2007
1034,4,4,2007
1035,7,7,2007
1036,8,8,2007
1037,8,8,2007
1038,8,8,2007
1039,6,6,2007
1040,10,10,2007
1041,10,10,2007
1042,8,5,2007
1043,6,5,2007
1044,11,11,2007
1045,9,9,2007
1046,6,6,2007
1047,7,7,2007
1048,11,5,2007
1049,7,7,2007
1050,12,12,2007
1051,10,9,2007
1052,8,8,2007
1053,4,4,2007
1054,7,7,2007
1055,8,8,2007
1056,12,12,2007
1057,13,13,2007
1058,12,6,2007
1059,11,11,2007
1060,10,10,2007
1061,9,7,2007
1062,8,8,2007
1063,9,9,2007
1064,9,9,2007
1065,12,12,2007
1066,11,11,2007
1067,12,8,2007
1068,6,6,2007
1069,4,4,2007
1070,6,6,2007
1071,9,9,2007
1072,10,8,2007
1073,8,8,2007
1074,6,6,2007
1075,8,8,2007
1076,8,8,2007
1077,7,7,2007
1078,9,9,2007
1079,9,9,2007
1080,20,20,2007
1081,9,9,2007
1082,9,9,2007
1083,10,10,2007
1084,9,9,2007
1085,6,6,2007
1086,8,8,2007
1087,10,10,2007
1088,11,11,2007
1089,9,9,2007
1090,3,3,2007
1091,8,8,2007
1092,10,10,2007
1093,8,8,2007
1094,6,4,2007
1095,7,7,2007
1096,9,9,2007
1097,5,5,2007
1098,8,8,2007
1099,6,6,2006
1100,8,8,2007
1101,8,8,2007
1102,10,10,2007
1103,14,4,2007
1104,7,7,2008
1105,10,10,2003
1106,10,10,2003
1107,10,10,2003
1108,10,10,2003
1109,10,10,2003
1110,6,6,2003
1111,12,12,2003
1112,12,12,2003
1113,10,10,2004
1114,7,7,2004
1115,10,10,2004
1116,9,9,2004
1117,10,10,2004
1118,8,8,2004
1119,9,9,2004
1120,8,8,2004
1121,8,8,2004
1122,11,11,2005
1123,10,7,2005
1124,9,9,2005
1125,10,9,2005
1126,9,9,2005
1127,13,13,2005
1128,12,12,2005
1129,11,11,2005
1130,11,11,2005
1131,8,8,2006
1132,8,8,2006
1133,8,8,2006
1134,9,9,2006
1135,8,8,2006
1136,8,8,2006
1137,9,9,2006
1138,8,8,2007
1139,8,8,2007
1140,7,7,2007
1141,7,7,2007
1142,10,10,2007
1143,9,9,2008
1144,10,10,2008
1145,10,10,2008
1146,6,6,2008
1147,8,8,2008
1148,11,11,2008
1149,7,7,2008
1150,9,9,2008
1151,8,7,2008
1152,8,8,2008
1153,12,12,2008
1154,11,11,2008
1155,11,11,2008
1156,8,8,2008
1157,8,8,2008
1158,12,9,2008
1159,9,9,2008
1160,9,8,2008
1161,9,9,2008
1162,7,7,2008
1163,9,9,2008
1164,8,8,2008
1165,11,11,2008
1166,8,8,2008
1167,8,8,2008
1168,14,14,2008
1169,9,9,2008
1170,7,7,2008
1171,10,10,2008
1172,13,11,2008
1173,9,9,2008
1174,7,7,2008
1175,10,10,2008
1176,9,9,2008
1177,10,10,2008
1178,7,7,2008
1179,11,11,2008
1180,6,6,2008
1181,9,8,2008
1182,10,10,2008
1183,8,8,2008
1184,8,8,2008
1185,12,12,2008
1186,8,8,2008
1187,6,6,2008
1188,8,8,2008
1189,3,3,2008
1190,12,12,2008
1191,6,6,2008
1192,3,3,2008
1193,12,10,2008
1194,10,10,2008
1195,6,6,2008
1196,9,9,2008
1197,11,2,2008
1198,5,3,2008
1199,6,6,2008
1200,8,8,2008
1201,4,4,2008
1202,5,5,2008
1203,10,10,2008
1204,8,8,2008
1205,8,8,2008
1206,8,8,2008
1207,10,9,2008
1208,12,12,2008
1209,6,6,2008
1210,8,8,2008
1211,5,5,2008
1212,6,6,2008
1213,7,7,2008
1214,7,7,2008
1215,8,8,2008
1216,8,8,2008
1217,5,5,2008
1218,11,11,2008
1219,7,4,2008
1220,8,8,2008
1221,9,8,2008
1222,12,10,2008
1223,7,7,2008
1224,6,6,2008
1225,8,8,2008
1226,6,6,2008
1227,10,10,2008
1228,8,8,2008
1229,10,10,2008
1230,9,9,2008
1231,9,8,2008
1232,8,8,2008
1233,6,5,2008
1234,10,8,2008
1235,8,8,2008
1236,10,8,2008
1237,3,3,2008
1238,8,8,2008
1239,10,10,2008
1240,8,8,2008
1241,5,5,2008
1242,8,8,2008
1243,12,12,2008
1244,9,9,2008
1245,8,8,2008
1246,7,7,2008
1247,8,8,2008
1248,10,10,2008
1249,10,10,2008
1250,9,7,2008
1251,3,3,2008
1252,9,9,2008
1253,10,10,2008
1254,9,9,2008
1255,8,8,2008
1256,7,7,2008
1257,9,7,2008
1258,12,12,2008
1259,7,7,2008
1260,5,5,2008
1261,8,8,2008
1262,7,7,2008
1263,8,8,2008
1264,12,12,2008
1265,11,11,2008
1266,13,12,2008
1267,9,9,2008
1268,13,9,2008
1269,4,4,2008
1270,10,6,2008
1271,10,10,2008
1272,10,10,2008
1273,9,8,2008
1274,6,6,2008
1275,6,5,2008
1276,12,12,2008
1277,5,5,2008
1278,7,7,2008
1279,11,11,2008
1280,9,9,2008
1281,5,5,2008
1282,8,8,2008
1283,6,6,2008
1284,7,7,2008
1285,10,10,2008
1286,7,7,2008
1287,8,8,2008
1288,9,9,2008
1289,10,10,2008
1290,10,10,2008
1291,10,10,2008
1292,9,9,2008
1293,9,6,2008
1294,10,10,2008
1295,11,8,2008
1296,9,9,2008
1297,7,7,2008
1298,11,11,2008
1299,10,10,2008
1300,4,4,2008
1301,9,9,2008
1302,8,8,2008
1303,5,5,2008
1304,5,5,2008
1305,8,8,2008
1306,10,10,2008
1307,5,5,2008
1308,11,11,2008
1309,4,4,2008
1310,8,8,2008
1311,9,9,2008
1312,11,11,2008
1313,7,7,2008
1314,8,8,2008
1315,9,9,2008
1316,8,8,2008
1317,8,8,2008
1318,4,4,2008
1319,8,8,2005
1320,5,5,2005
1321,11,11,2012
1322,10,10,2012
1323,9,9,2009
1324,11,11,2009
1325,7,7,2009
1326,10,8,2009
1327,10,10,2009
1328,10,10,2009
1329,6,6,2009
1330,10,10,2009
1331,10,10,2009
1332,8,8,2009
1333,6,6,2009
1334,9,9,2009
1335,11,11,2009
1336,8,8,2009
1337,8,8,2009
1338,9,9,2009
1339,9,9,2009
1340,12,12,2009
1341,10,10,2009
1342,8,6,2009
1343,7,7,2009
1344,3,3,2009
1345,13,13,2009
1346,11,11,2009
1347,7,7,2009
1348,11,11,2009
1349,8,8,2009
1350,9,9,2009
1351,8,8,2009
1352,9,9,2009
1353,7,7,2009
1354,9,9,2009
1355,7,7,2009
1356,10,10,2009
1357,8,8,2009
1358,9,7,2009
1359,10,8,2009
1360,9,8,2009
1361,10,10,2009
1362,10,10,2009
1363,11,11,2009
1364,10,10,2009
1365,10,10,2009
1366,10,10,2009
1367,11,6,2009
1368,8,8,2009
1369,8,8,2009
1370,7,5,2009
1371,5,3,2009
1372,8,7,2009
1373,8,8,2009
1374,8,8,2009
1375,6,6,2009
1376,6,6,2009
1377,9,9,2009
1378,9,9,2009
1379,11,6,2009
1380,10,4,2009
1381,3,3,2009
1382,6,6,2009
1383,6,6,2009
1384,6,6,2009
1385,9,9,2009
1386,12,12,2009
1387,9,9,2009
1388,8,8,2009
1389,8,8,2009
1390,7,2,2009
1391,7,7,2009
1392,10,8,2009
1393,9,7,2009
1394,8,7,2009
1395,9,7,2009
1396,13,13,2009
1397,8,8,2009
1398,9,9,2009
1399,11,11,2009
1400,6,6,2009
1401,8,8,2009
1402,6,6,2009
1403,10,8,2009
1404,11,11,2009
1405,6,6,2009
1406,7,7,2009
1407,10,10,2009
1408,8,8,2009
1409,8,6,2009
1410,9,9,2009
1411,8,8,2009
1412,13,13,2009
1413,10,10,2009
1414,11,11,2009
1415,9,9,2009
1416,10,10,2009
1417,10,10,2009
1418,9,9,2009
1419,7,7,2009
1420,9,9,2009
1421,8,8,2009
1422,9,9,2009
1423,7,7,2009
1424,10,10,2009
1425,10,10,2009
1426,12,12,2009
1427,10,10,2009
1428,6,6,2009
1429,7,7,2009
1430,8,8,2009
1431,7,7,2009
1432,10,10,2009
1433,10,10,2009
1434,9,9,2009
1435,7,7,2009
1436,8,6,2009
1437,9,9,2009
1438,12,12,2009
1439,9,9,2009
1440,4,4,2009
1441,4,4,2009
1442,4,4,2009
1443,7,7,2009
1444,7,7,2009
1445,8,8,2009
1446,6,6,2009
1447,10,10,2009
1448,7,6,2009
1449,13,13,2009
1450,6,6,2009
1451,4,4,2009
1452,10,9,2009
1453,8,7,2009
1454,7,7,2009
1455,10,8,2009
1456,8,6,2009
1457,6,6,2009
1458,6,6,2009
1459,7,7,2009
1460,9,9,2009
1461,7,7,2009
1462,8,8,2009
1463,6,6,2009
1464,8,8,2009
1465,9,9,2009
1466,13,13,2009
1467,10,10,2009
1468,10,10,2009
1469,10,10,2009
1470,11,11,2009
1471,9,9,2009
1472,8,8,2009
1473,8,8,2009
1474,12,12,2009
1475,7,1,2009
1476,8,8,2009
1477,8,8,2009
1478,7,7,2009
1479,10,10,2009
1480,8,8,2009
1481,8,8,2009
1482,5,5,2009
1483,9,9,2009
1484,11,11,2009
1485,11,11,2009
1486,10,10,2009
1487,10,10,2009
1488,10,10,2009
1489,11,11,2009
1490,10,10,2009
1491,10,10,2009
1492,8,8,2009
1493,9,7,2009
1494,4,4,2009
1495,6,4,2009
1496,5,5,2009
1497,7,6,2009
1498,6,6,2009
1499,3,3,2009
1500,3,3,2009
1501,10,10,2009
1502,10,10,2009
1503,8,8,2009
1504,8,8,2009
1505,9,9,2009
1506,11,11,2009
1507,10,10,2009
1508,7,7,2009
1509,10,10,2009
1510,6,6,2010
1511,7,7,2010
1512,9,9,2010
1513,9,8,2010
1514,16,16,2010
1515,8,8,2010
1516,9,9,2010
1517,9,9,2010
1518,8,8,2010
1519,8,8,2010
1520,8,8,2010
1521,7,7,2010
1522,7,6,2010
1523,7,7,2010
1524,11,11,2010
1525,9,9,2010
1526,8,8,2010
1527,3,3,2010
1528,3,3,2010
1529,10,6,2010
1530,10,9,2010
1531,8,7,2010
1532,7,7,2010
1533,8,8,2010
1534,8,8,2010
1535,7,7,2010
1536,8,8,2010
1537,10,10,2010
1538,9,9,2010
1539,9,9,2010
1540,13,13,2010
1541,10,10,2010
1542,9,9,2010
1543,10,10,2010
1544,9,9,2010
1545,12,12,2010
1546,10,10,2010
1547,10,10,2010
1548,6,6,2010
1549,13,13,2010
1550,8,7,2010
1551,9,9,2010
1552,6,5,2010
1553,8,8,2010
1554,7,7,2010
1555,11,11,2010
1556,7,7,2010
1557,8,8,2010
1558,9,7,2010
1559,9,9,2010
1560,8,5,2010
1561,8,7,2010
1562,9,9,2010
1563,8,8,2010
1564,7,7,2010
1565,8,8,2010
1566,10,9,2010
1567,8,8,2010
1568,10,10,2010
1569,6,6,2010
1570,7,7,2010
1571,10,10,2010
1572,8,7,2010
1573,12,10,2010
1574,10,10,2010
1575,7,7,2010
1576,6,4,2010
1577,6,6,2010
1578,7,7,2010
1579,10,10,2010
1580,11,11,2010
1581,9,9,2010
1582,23,23,2010
1583,7,7,2010
1584,15,15,2010
1585,11,9,2010
1586,9,9,2010
1587,3,3,2010
1588,10,10,2010
1589,10,10,2010
1590,11,5,2010
1591,11,11,2010
1592,8,8,2010
1593,9,9,2010
1594,12,10,2010
1595,9,9,2010
1596,10,8,2010
1597,8,8,2010
1598,10,10,2010
1599,6,6,2010
1600,10,8,2010
1601,4,4,2010
1602,8,8,2010
1603,8,8,2010
1604,11,11,2010
1605,10,10,2010
1606,9,9,2010
1607,8,8,2010
1608,6,6,2010
1609,11,10,2010
1610,10,10,2010
1611,8,8,2010
1612,9,9,2010
1613,7,7,2010
1614,8,8,2010
1615,12,12,2010
1616,8,7,2010
1617,10,10,2010
1618,10,10,2010
1619,1,1,2010
1620,12,12,2010
1621,10,10,2010
1622,7,7,2010
1623,7,7,2010
1624,8,8,2010
1625,11,11,2010
1626,8,7,2010
1627,12,10,2010
1628,7,7,2010
1629,12,12,2010
1630,9,3,2010
1631,12,12,2010
1632,8,8,2010
1633,10,10,2010
1634,10,10,2010
1635,5,5,2010
1636,5,5,2010
1637,5,5,2010
1638,7,7,2010
1639,11,11,2010
1640,9,9,2010
1641,11,11,2010
1642,12,12,2010
1643,12,12,2010
1644,9,9,2010
1645,10,10,2010
1646,8,6,2010
1647,10,10,2010
1648,8,8,2010
1649,6,6,2010
1650,8,8,2010
1651,10,9,2010
1652,10,10,2010
1653,11,11,2010
1654,8,8,2010
1655,6,6,2010
1656,9,9,2010
1657,6,5,2010
1658,8,8,2010
1659,7,5,2010
1660,10,10,2010
1661,10,7,2010
1662,10,10,2011
1663,7,7,2011
1664,9,7,2011
1665,7,2,2011
1666,11,9,2011
1667,8,8,2011
1668,9,9,2011
1669,8,8,2011
1670,9,9,2011
1671,8,8,2011
1672,10,10,2011
1673,7,7,2011
1674,8,8,2011
1675,10,10,2011
1676,9,9,2011
1677,8,7,2011
1678,7,7,2011
1679,8,8,2011
1680,11,8,2011
1681,8,8,2011
1682,7,7,2011
1683,9,9,2011
1684,6,6,2011
1685,8,8,2011
1686,8,7,2011
1687,8,8,2011
1688,11,11,2011
1689,8,8,2011
1690,9,9,2011
1691,7,7,2011
1692,7,7,2011
1693,10,10,2011
1694,9,9,2011
1695,10,10,2011
1696,10,10,2011
1697,5,5,2011
1698,8,8,2011
1699,9,9,2011
1700,8,8,2011
1701,8,8,2011
1702,11,11,2011
1703,7,5,2011
1704,8,8,2011
1705,9,8,2011
1706,4,4,2011
1707,3,3,2011
1708,6,6,2011
1709,12,6,2011
1710,8,8,2011
1711,9,8,2011
1712,9,9,2011
1713,8,8,2011
1714,12,12,2011
1715,11,11,2011
1716,8,8,2011
1717,12,12,2011
1718,10,10,2011
1719,7,7,2011
1720,10,10,2011
1721,5,5,2011
1722,15,15,2011
1723,10,10,2011
1724,8,8,2011
1725,7,7,2011
1726,7,7,2011
1727,8,8,2011
1728,7,7,2011
1729,10,10,2011
1730,8,8,2011
1731,9,9,2011
1732,12,10,2011
1733,8,8,2011
1734,7,7,2011
1735,6,6,2011
1736,7,7,2011
1737,9,9,2011
1738,2,2,2011
1739,9,9,2011
1740,6,6,2011
1741,8,8,2011
1742,5,5,2011
1743,7,7,2011
1744,8,8,2011
1745,7,7,2011
1746,8,6,2011
1747,8,8,2011
1748,6,6,2011
1749,10,9,2011
1750,8,8,2011
1751,8,4,2011
1752,9,9,2011
1753,6,6,2011
1754,10,10,2011
1755,7,7,2011
1756,8,8,2011
1757,12,11,2011
1758,8,8,2011
1759,10,7,2011
1760,9,9,2011
1761,8,8,2011
1762,10,10,2011
1763,8,8,2011
1764,9,9,2011
1765,9,9,2011
1766,10,10,2011
1767,10,10,2011
1768,8,8,2011
1769,9,9,2011
1770,9,9,2011
1771,8,8,2011
1772,10,10,2011
1773,13,13,2011
1774,9,9,2011
1775,9,7,2011
1776,8,7,2011
1777,9,9,2011
1778,9,7,2011
1779,6,6,2011
1780,8,8,2011
1781,9,9,2011
1782,9,9,2011
1783,5,5,2011
1784,8,8,2011
1785,8,8,2011
1786,10,10,2012
1787,8,4,2012
1788,10,10,2012
1789,9,9,2012
1790,9,9,2012
1791,7,7,2012
1792,9,9,2012
1793,9,9,2012
1794,10,8,2012
1795,11,11,2012
1796,10,9,2012
1797,10,10,2012
1798,8,8,2012
1799,9,9,2012
1800,7,7,2012
1801,6,6,2012
1802,7,7,2012
1803,6,6,2012
1804,8,8,2012
1805,6,6,2012
1806,8,8,2012
1807,11,8,2012
1808,6,6,2012
1809,6,6,2012
1810,5,5,2012
1811,5,5,2012
1812,9,9,2012
1813,5,5,2012
1814,7,7,2012
1815,9,9,2012
1816,10,10,2012
1817,7,7,2012
1818,12,12,2012
1819,8,8,2012
1820,11,11,2012
1821,8,8,2012
1822,7,7,2012
1823,9,9,2012
1824,6,6,2012
1825,9,9,2012
1826,8,8,2012
1827,12,12,2012
1828,8,8,2012
1829,7,7,2012
1830,7,7,2012
1831,6,6,2012
1832,7,7,2012
1833,8,8,2012
1834,8,8,2012
1835,8,5,2012
1836,3,3,2012
1837,8,8,2012
1838,8,8,2012
1839,8,8,2012
1840,10,10,2012
1841,8,8,2012
1842,12,12,2012
1843,6,6,2012
1844,6,6,2012
1845,6,6,2012
1846,9,2,2012
1847,8,8,2012
1848,9,7,2012
1849,14,9,2012
1850,8,8,2012
1851,12,12,2012
1852,5,5,2012
1853,9,6,2012
1854,8,8,2012
1855,10,10,2012
1856,8,8,2012
1857,9,9,2012
1858,6,5,2012
1859,10,10,2012
1860,7,7,2012
1861,8,8,2012
1862,10,10,2012
1863,2,2,2012
1864,10,10,2012
1865,8,8,2012
1866,8,8,2012
1867,8,7,2012
1868,10,10,2012
1869,8,8,2012
1870,9,9,2012
1871,9,8,2012
1872,9,9,2012
1873,9,9,2012
1874,8,8,2012
1875,8,6,2012
1876,8,8,2012
1877,6,6,2012
1878,8,8,2012
1879,8,8,2012
1880,6,6,2012
1881,9,9,2012
1882,6,6,2013
1883,9,9,2013
1884,11,11,2013
1885,6,6,2013
1886,9,7,2013
1887,8,8,2013
1888,9,9,2013
1889,9,9,2013
1890,8,8,2013
1891,8,8,2013
1892,5,5,2013
1893,9,6,2013
1894,10,10,2013
1895,8,8,2013
1896,8,8,2013
1897,9,9,2013
1898,8,8,2013
1899,5,4,2013
1900,11,9,2013
1901,7,4,2013
1902,8,8,2013
1903,9,9,2013
1904,11,11,2013
1905,9,9,2013
1906,8,8,2013
1907,9,9,2013
1908,4,4,2013
1909,7,7,2013
1910,9,9,2013
1911,4,4,2013
1912,10,10,2013
1913,8,8,2013
1914,7,7,2013
1915,6,6,2013
1916,12,12,2013
1917,15,15,2013
1918,11,10,2013
1919,6,6,2013
1920,10,10,2013
1921,7,7,2013
1922,7,7,2013
1923,12,12,2013
1924,7,7,2013
1925,4,4,2013
1926,3,3,2013
1927,12,11,2013
1928,11,11,2013
1929,10,10,2013
1930,10,8,2013
1931,9,9,2013
1932,10,10,2013
1933,7,7,2013
1934,9,9,2013
1935,12,12,2013
1936,12,12,2013
1937,8,7,2013
1938,5,5,2013
1939,9,9,2013
1940,6,6,2013
1941,10,9,2013
1942,10,10,2013
1943,10,10,2013
1944,12,7,2013
1945,10,10,2013
1946,8,8,2013
1947,6,6,2013
1948,4,4,2013
1949,9,9,2013
1950,8,8,2013
1951,8,8,2013
1952,8,8,2013
1953,8,8,2013
1954,10,10,2013
1955,7,7,2013
1956,5,5,2013
1957,5,5,2013
1958,7,7,2013
1959,7,7,2013
1960,7,7,2013
1961,8,8,2013
1962,6,6,2013
1963,7,7,2013
1964,10,6,2013
1965,7,7,2013
1966,8,8,2013
1967,9,9,2013
1968,10,10,2013
1969,6,6,2013
1970,6,6,2013
1971,6,6,2013
1972,5,5,2013
1973,8,8,2013
1974,7,7,2013
1975,7,7,2013
1976,8,8,2013
1977,5,5,2013
1978,9,6,2013
1979,7,7,2013
1980,6,6,2013
1981,10,10,2013
1982,10,10,2013
1983,10,10,2013
1984,8,8,2013
1985,6,6,2013
1986,8,8,2013
1987,5,5,2013
1988,10,10,2013
1989,9,9,2013
1990,8,8,2013
1991,8,8,2013
1992,5,5,2013
1993,6,6,2013
1994,11,11,2013
1995,9,9,2013
1996,8,8,2013
1997,8,8,2013
1998,8,8,2013
1999,8,8,2013
2000,8,6,2013
2001,10,10,2013
2002,8,8,2013
2003,8,8,2013
2004,12,12,2013
2005,9,9,2015
2006,11,11,2015
2007,12,12,2015
2008,10,10,2015
2009,9,8,2015
2010,9,9,2015
2011,7,7,2015
2012,6,6,2015
2013,6,6,2015
2014,7,7,2015
2015,10,10,2015
2016,10,9,2015
2017,6,6,2015
2018,8,8,2015
2019,8,8,2015
2020,3,3,2015
2021,11,11,2015
2022,9,9,2015
2023,7,7,2015
2024,12,10,2015
2025,9,9,2015
2026,9,9,2015
2027,7,7,2015
2028,6,6,2015
2029,9,9,2015
2030,8,8,2015
2031,11,10,2015
2032,8,8,2015
2033,6,6,2015
2034,10,10,2015
2035,10,10,2015
2036,10,10,2015
2037,8,8,2015
2038,8,7,2015
2039,9,9,2015
2040,7,7,2015
2041,11,11,2015
2042,10,10,2015
2043,10,10,2015
2044,8,8,2015
2045,10,10,2015
2046,9,9,2015
2047,10,9,2015
2048,8,8,2015
2049,8,7,2015
2050,8,6,2015
2051,6,6,2015
2052,9,9,2015
2053,8,8,2015
2054,8,8,2015
2055,7,7,2015
2056,7,7,2015
2057,10,8,2015
2058,9,9,2015
2059,12,12,2015
2060,10,10,2015
2061,9,9,2015
2062,6,5,2015
2063,10,10,2015
2064,9,9,2015
2065,6,6,2015
2066,9,9,2015
2067,10,10,2015
2068,9,9,2015
2069,7,7,2015
2070,8,8,2015
2071,8,8,2015
2072,10,10,2015
2073,8,8,2015
2074,6,6,2015
2075,7,7,2015
2076,6,5,2015
2077,7,7,2015
2078,10,10,2015
2079,9,9,2015
2080,8,8,2015
2081,10,10,2015
2082,8,8,2015
2083,8,8,2015
2084,6,6,2015
2085,9,9,2016
2086,10,10,2016
2087,8,8,2016
2088,9,9,2016
2089,9,9,2016
2090,8,4,2016
2091,11,5,2016
2092,8,8,2016
2093,8,8,2016
2094,12,11,2016
2095,9,9,2016
2096,9,6,2016
2097,12,12,2016
2098,9,9,2016
2099,7,7,2016
2100,12,12,2016
2101,5,5,2016
2102,12,11,2016
2103,12,9,2016
2104,10,9,2016
2105,12,12,2016
2106,11,11,2016
2107,9,9,2016
2108,8,3,2016
2109,10,9,2016
2110,10,10,2016
2111,4,4,2016
2112,7,7,2016
2113,9,9,2016
2114,7,7,2016
2115,8,4,2016
2116,9,9,2016
2117,10,10,2016
2118,12,12,2016
2119,8,8,2016
2120,11,11,2016
2121,8,8,2016
2122,10,10,2016
2123,4,4,2016
2124,9,9,2016
2125,10,10,2016
2126,6,6,2016
2127,4,4,2016
2128,9,9,2016
2129,8,8,2016
2130,6,6,2016
2131,6,6,2016
2132,5,5,2016
2133,8,8,2016
2134,8,8,2016
2135,9,9,2016
2136,8,8,2016
2137,8,8,2016
2138,11,11,2016
2139,10,10,2017
2140,11,11,2017
2141,12,12,2017
2142,9,5,2017
2143,10,10,2017
2144,11,11,2017
2145,8,8,2017
2146,9,9,2017
2147,9,9,2017
2148,10,10,2017
2149,4,4,2017
2150,7,7,2017
2151,11,8,2017
2152,8,8,2017
2153,6,6,2017
2154,10,9,2017
2155,6,6,2017
2156,7,7,2017
2157,7,7,2017
2158,8,5,2017
2159,5,5,2017
2160,8,7,2017
2161,7,7,2017
2162,7,7,2017
2163,10,10,2017
2164,12,12,2017
2165,6,6,2017
2166,7,7,2017
2167,6,6,2017
2168,8,8,2017
2169,9,9,2017
2170,8,8,2017
2171,7,7,2017
2172,8,6,2017
2173,8,6,2017
2174,9,9,2017
2175,8,8,2017
2176,10,10,2017
2177,11,10,2017
2178,10,10,2017
2179,9,6,2017
2180,6,6,2017
2181,3,3,2017
2182,10,10,2017
2183,10,10,2017
2184,11,11,2017
2185,8,5,2017
2186,7,7,2017
2187,10,10,2017
2188,9,8,2017
2189,9,9,2017
2190,10,10,2017
2191,8,8,2017
2192,8,8,2017
2193,9,9,2017
2194,5,5,2017
2195,9,9,2017
2196,12,12,2017
2197,8,8,2017
2198,12,10,2017
2199,8,8,2017
2200,7,6,2018
2201,9,9,2018
2202,3,3,2018
2203,8,8,2018
2204,7,7,2018
2205,8,8,2018
2206,10,10,2018
2207,13,13,2018
2208,9,9,2018
2209,6,6,2018
2210,8,8,2018
2211,10,6,2018
2212,9,9,2018
2213,8,8,2018
2214,10,10,2018
2215,9,9,2018
2216,9,9,2018
2217,7,7,2018
2218,8,8,2018
2219,7,7,2018
2220,8,8,2018
2221,5,5,2018
2222,5,5,2018
2223,9,9,2018
2224,10,9,2018
2225,10,6,2018
2226,8,6,2018
2227,11,11,2018
2228,7,7,2018
2229,5,5,2018
2230,6,5,2018
2231,6,6,2018
2232,6,6,2018
2233,6,6,2018
2234,7,5,2018
2235,8,8,2018
2236,7,7,2018
2237,7,7,2018
2238,9,9,2018
2239,9,9,2018
2240,8,8,2018
2241,9,9,2018
2242,8,8,2018
2243,10,10,2018
2244,8,8,2018
2245,6,6,2018
2246,6,5,2018
2247,10,10,2018
2248,8,8,2018
2249,5,5,2018
2250,8,8,2018
2251,8,8,2018
2252,9,9,2018
2253,8,8,2018
2254,8,8,2018
2255,6,6,2018
2256,11,11,2020
2257,10,10,2020
2258,8,8,2019
2259,9,9,2019
2260,9,9,2019
2261,6,6,2019
2262,11,11,2019
2263,9,7,2019
2264,9,9,2019
2265,8,8,2019
2266,8,7,2019
2267,9,9,2019
2268,11,11,2019
2269,11,7,2019
2270,11,9,2019
2271,8,8,2019
2272,4,4,2019
2273,10,10,2019
2274,6,6,2019
2275,11,7,2019
2276,13,13,2019
2277,12,12,2019
2278,6,6,2019
2279,10,10,2019
2280,7,7,2019
2281,10,10,2019
2282,9,9,2019
2283,7,7,2019
2284,11,11,2019
2285,7,7,2019
2286,8,7,2019
2287,10,10,2019
2288,9,9,2019
2289,7,7,2019
2290,12,12,2019
2291,6,6,2019
2292,8,8,2019
2293,8,8,2019
2294,9,9,2019
2295,6,6,2019
2296,8,8,2019
2297,8,8,2019
2298,9,9,2019
2299,4,4,2019
2300,8,7,2019
2301,5,5,2019
2302,6,6,2019
2303,4,4,2019
2304,5,5,2019
2305,9,9,2019
2306,8,8,2019
2307,10,10,2019
2308,10,7,2019
2309,10,10,2019
2310,9,9,2019
2311,9,9,2019
2312,10,10,2019
2313,10,10,2019
2314,10,10,2019
2315,9,9,2019
2316,10,8,2019
2317,12,12,2019
2318,10,10,2019
2319,10,10,2019
2320,15,12,2020
2321,12,9,2020
2322,9,9,2020
2323,7,7,2020
2324,9,9,2020
2325,9,6,2020
2326,11,11,2020
2327,13,13,2020
2328,12,12,2020
2329,8,8,2020
2330,10,10,2020
2331,4,4,2020
2332,8,5,2020
2333,8,8,2020
2334,8,8,2020
2335,4,3,2020
2336,7,7,2020
2337,8,8,2020
2338,7,7,2020
2339,6,5,2020
2340,13,9,2020
2341,10,7,2020
2342,7,7,2020
2343,8,8,2020
2344,8,8,2020
2345,8,6,2020
2346,12,12,2020
2347,5,5,2020
2348,6,6,2020
2349,6,6,2020
2350,5,5,2020
2351,10,10,2020
2352,10,10,2020
2353,10,10,2020
2354,7,7,2020
2355,9,9,2020
2356,8,8,2020
2357,9,9,2020
2358,6,3,2020
2359,10,10,2020
2360,10,10,2020
2361,8,8,2020
2362,8,8,2020
2363,6,6,2020
2364,7,5,2020
2365,8,8,2020
2366,7,7,2020
2367,4,4,2020
2368,9,8,2020
2369,9,9,2020
2370,8,8,2020
2371,6,6,2020
2372,9,9,2020
2373,8,6,2020
2374,8,8,2020
2375,10,10,2020
2376,9,9,2020
2377,9,9,2020
2378,9,9,2020
2379,9,9,2020
2380,8,8,2020
2381,7,7,2020
2382,8,8,2020
2383,8,6,2020
